concept_a,concept_b,color_a,color_b,deltaS_mg,deltaS_us,mg_level,us_level,category,extremeness
angry,banana,DR,SY,0.907979590107588,0.9999624728939507,high,high,MG_high__US_high,1.9079420630015387
angry,banana,DO,MG,0.5515189764627466,0.12270026150198854,high,low,MG_high__US_low,0.4288187149607581
angry,banana,LY,SG,0.011109079562282798,0.7860378595430935,low,high,MG_low__US_high,0.7749287799808107
angry,banana,LC,SB,0.0238708787643247,0,low,low,MG_low__US_low,-0.0238708787643247
angry,death,A1,SR,0.7161158906122456,0.8928807761596786,high,high,MG_high__US_high,1.6089966667719242
angry,death,LC,MP,0.4615394185107078,0.0021723834736959713,high,low,MG_high__US_low,0.4593670350370118
angry,death,BK,SP,0.05237537657602992,0.6446344657661371,low,high,MG_low__US_high,0.5922590891901072
angry,death,DH,DY,0.005247950563525894,0.007572078670250892,low,low,MG_low__US_low,-0.012820029233776786
angry,happy,BK,WH,0.8771686813729314,0.929619578178424,high,high,MG_high__US_high,1.8067882595513554
angry,happy,MC,WH,0.5467191809477769,0.038576110320657886,high,low,MG_high__US_low,0.508143070627119
angry,happy,A3,SC,0.01804677273389621,0.6054123116609558,low,high,MG_low__US_high,0.5873655389270596
angry,happy,DY,MR,0.0067834829016236164,0.013609328899317763,low,low,MG_low__US_low,-0.02039281180094138
angry,justice,DR,WH,0.7736157885211896,0.8968765774804393,high,high,MG_high__US_high,1.6704923660016289
angry,justice,A3,DC,0.5714629138659073,0.11363903014841364,high,low,MG_high__US_low,0.45782388371749366
angry,justice,DC,MR,0.008222452480010689,0.6504784351433495,low,high,MG_low__US_high,0.6422559826633387
angry,justice,LG,LP,0.01350348907546467,0.005943327060567549,low,low,MG_low__US_low,-0.01944681613603222
angry,lightning,DR,WH,0.5248762946290606,0.9993753099917688,high,high,MG_high__US_high,1.5242516046208294
angry,lightning,MR,SY,0.030398724960177648,0.865509770223069,low,high,MG_low__US_high,0.8351110452628914
angry,lightning,MH,SG,0.0018090944372710083,0.020016616602080983,low,low,MG_low__US_low,-0.02182571103935199
angry,mango,BK,SG,0.8226679529418601,0.9321700317080608,high,high,MG_high__US_high,1.754837984649921
angry,mango,LR,SY,0.4342917228430392,0.01725804420977073,high,low,MG_high__US_low,0.41703367863326846
angry,mango,DB,LO,0.029267151864939445,0.7954149527276482,low,high,MG_low__US_high,0.7661478008627087
angry,mango,MG,SH,0.0033451486330722258,0.018156709965486906,low,low,MG_low__US_low,-0.02150185859855913
angry,peace,DR,WH,0.9011483056494503,0.9832539595307395,high,high,MG_high__US_high,1.8844022651801897
angry,peace,LP,WH,0.5716763581403481,0.06317367034889987,high,low,MG_high__US_low,0.5085026877914482
angry,peace,SB,SH,0.03379732084260961,0.6816635625020462,low,high,MG_low__US_high,0.6478662416594365
angry,peace,DG,MY,0.018836445391856804,0.010275771925625177,low,low,MG_low__US_low,-0.02911221731748198
angry,peach,BK,SG,0.7032764852682121,0.9378548894407774,high,high,MG_high__US_high,1.6411313747089895
angry,peach,LP,SG,0.4057942995819577,0.09694268084557578,high,low,MG_high__US_low,0.3088516187363819
angry,peach,LO,MB,0.023353946538033465,0.9860715337844421,low,high,MG_low__US_high,0.9627175872464087
angry,peach,DH,LB,0.005919270714247027,0.008005711573619845,low,low,MG_low__US_low,-0.013924982287866872
angry,sad,A1,SR,0.6777099425028639,0.9593194196336414,high,high,MG_high__US_high,1.6370293621365053
angry,sad,LG,MP,0.4648910020114936,0.06877844316374193,high,low,MG_high__US_low,0.39611255884775165
angry,sad,MB,MR,0.07055023678077538,0.7653612255722966,low,high,MG_low__US_high,0.6948109887915213
angry,sad,DG,MG,0.003659066823878232,0.0069934725720894875,low,low,MG_low__US_low,-0.01065253939596772
angry,safety,DR,SB,0.5451066008889385,0.9015774911637189,high,high,MG_high__US_high,1.4466840920526574
angry,safety,A1,LC,0.06441274590850332,0.6428988932655668,low,high,MG_low__US_high,0.5784861473570635
angry,safety,DH,MY,0.0025463727872794273,0.0016009011985476107,low,low,MG_low__US_low,-0.004147273985827038
angry,sandstorm,MY,SR,0.7631302351430509,0.9965711279295424,high,high,MG_high__US_high,1.7597013630725933
angry,sandstorm,A2,MC,0.3388542838890747,0.13352091059434357,high,low,MG_high__US_low,0.20533337329473111
angry,sandstorm,DC,LP,2.89723733574887e-4,0.018070440637982355,low,low,MG_low__US_low,-0.01836016437155724
angry,sick,MH,SR,0.42636412985265815,0.9294502975159136,high,high,MG_high__US_high,1.3558144273685717
angry,sick,SY,WH,0.5120931145114467,0.07312346893713229,high,low,MG_high__US_low,0.4389696455743144
angry,sick,MH,SP,0.025385021988975298,0.8366482776087938,low,high,MG_low__US_high,0.8112632556198185
angry,sick,A3,LB,0.00418814896112224,0.002968419826060442,low,low,MG_low__US_low,-0.007156568787182682
angry,tree,DR,SG,0.9143565774457363,0.9923690122979192,high,high,MG_high__US_high,1.9067255897436555
angry,tree,MH,SG,0.43182141376552585,0.004255208581998515,high,low,MG_high__US_low,0.42756620518352734
angry,tree,MH,MY,0.049598422271717124,0.6892278377669379,low,high,MG_low__US_high,0.6396294154952207
angry,tree,DC,LH,0.013881202669389303,9.99640100584287e-4,low,low,MG_low__US_low,-0.01488084276997359
banana,death,BK,SY,0.9992195395328343,0.9999999996894307,high,high,MG_high__US_high,1.999219539222265
banana,death,DO,MG,0.5633342168642379,0.06989579082492053,high,low,MG_high__US_low,0.49343842603931737
banana,death,LY,MG,0.035780819353598614,0.9190038177841768,low,high,MG_low__US_high,0.8832229984305782
banana,death,DC,MR,0.03195476134387043,0.02549090298501122,low,low,MG_low__US_low,-0.05744566432888165
banana,happy,SB,SY,0.6949419483211043,0.9379226714364282,high,high,MG_high__US_high,1.6328646197575325
banana,happy,MG,WH,0.6609634876128718,0.03944919587568885,high,low,MG_high__US_low,0.621514291737183
banana,happy,DO,LG,0.020064379812459565,0.8026404168663184,low,high,MG_low__US_high,0.7825760370538588
banana,happy,A1,A2,0.004732523816362522,0.016643130668333617,low,low,MG_low__US_low,-0.02137565448469614
banana,justice,A3,SY,0.9091777570568669,0.9808475739921649,high,high,MG_high__US_high,1.8900253310490318
banana,justice,DG,LC,0.5737970637413257,0.02918628175859772,high,low,MG_high__US_low,0.5446107819827279
banana,justice,DC,MC,0.006268426295757967,0.006547938816126919,low,low,MG_low__US_low,-0.012816365111884886
banana,lightning,SY,WH,0.7487020001257321,0.9747770802434348,high,high,MG_high__US_high,1.7234790803691669
banana,lightning,MO,SG,0.501624008413398,0.017319906443325594,high,low,MG_high__US_low,0.48430410197007245
banana,lightning,DP,WH,0.04036805030795754,0.9566498159852479,low,high,MG_low__US_high,0.9162817656772904
banana,lightning,BK,SB,0.003208857449918723,0.005157982251917159,low,low,MG_low__US_low,-0.008366839701835882
banana,mango,SO,SY,0.34046063933115667,0.9537740056284003,high,high,MG_high__US_high,1.294234644959557
banana,mango,DB,SO,0.023292470452610736,0.8325144151708141,low,high,MG_low__US_high,0.8092219447182034
banana,mango,MC,SP,0.0031338847455266716,0.002389199293214128,low,low,MG_low__US_low,-0.0055230840387408
banana,peace,SY,WH,0.9150179238802998,0.9804892770716318,high,high,MG_high__US_high,1.8955072009519316
banana,peace,A3,MG,0.6884849713907863,0.10720544117149489,high,low,MG_high__US_low,0.5812795302192915
banana,peace,DY,MG,0.012555327938593486,0.7343857618615182,low,high,MG_low__US_high,0.7218304339229247
banana,peace,DG,SG,0.0173429018855078,0.016869330490722367,low,low,MG_low__US_low,-0.03421223237623017
banana,peach,SR,SY,0.7430885744629672,0.9830923584543032,high,high,MG_high__US_high,1.7261809329172704
banana,peach,MY,SR,0.4630221580113383,0.0299841827533745,high,low,MG_high__US_low,0.4330379752579638
banana,peach,A1,MO,0.02209926691870856,0.9185913383594917,low,high,MG_low__US_high,0.8964920714407831
banana,peach,LC,SB,0.0069265204683051085,0.0025726716936480543,low,low,MG_low__US_low,-0.009499192161953163
banana,sad,BK,SY,0.9768913377160997,0.9999966547242174,high,high,MG_high__US_high,1.976887992440317
banana,sad,MG,MP,0.6637660853983931,0.10851588972154791,high,low,MG_high__US_low,0.5552501956768452
banana,sad,LY,MG,0.017214869725414916,0.9012257306132005,low,high,MG_low__US_high,0.8840108608877857
banana,sad,MY,SO,0.0026517206949590033,0.031949796274847175,low,low,MG_low__US_low,-0.03460151696980618
banana,safety,SB,SY,0.8063520069140897,0.9451278670528465,high,high,MG_high__US_high,1.7514798739669362
banana,safety,BK,SH,0.5325389105454532,0.059309439793737484,high,low,MG_high__US_low,0.47322947075171573
banana,safety,LY,MG,0.0017459396275907313,0.777462325264139,low,high,MG_low__US_high,0.7757163856365483
banana,safety,DB,WH,0.0029022088920707123,0.0034610108397492567,low,low,MG_low__US_low,-0.006363219731819969
banana,sandstorm,A1,SY,0.8049031235196877,0.9725926229943578,high,high,MG_high__US_high,1.7774957465140455
banana,sandstorm,BK,SO,0.44268475180618405,0.05023683290843661,high,low,MG_high__US_low,0.39244791889774744
banana,sandstorm,A2,DO,0.01637620337895096,0.0205411765952061,low,low,MG_low__US_low,-0.03691737997415706
banana,sick,A1,SY,0.9288722246746686,0.9730072271619117,high,high,MG_high__US_high,1.9018794518365802
banana,sick,SH,WH,0.7037361666281194,0.022567066188206697,high,low,MG_high__US_low,0.6811691004399127
banana,sick,LY,SG,0.011039010495304868,0.6600378139984537,low,high,MG_low__US_high,0.6489988035031489
banana,sick,LP,SP,0.011763239421630933,0.008310383137031252,low,low,MG_low__US_low,-0.020073622558662185
banana,tree,DC,SY,0.8024246709043559,0.9816645650600835,high,high,MG_high__US_high,1.7840892359644394
banana,tree,BK,SO,0.39955681708449164,0.041248065148683344,high,low,MG_high__US_low,0.3583087519358083
banana,tree,BK,DH,0.04977341011033909,0.8570344723928887,low,high,MG_low__US_high,0.8072610622825496
banana,tree,LP,SP,0.009356465085259558,0.001895459776377173,low,low,MG_low__US_low,-0.01125192486163673
death,happy,BK,SY,0.9819791182854152,0.9999997520373847,high,high,MG_high__US_high,1.9819788703227998
death,happy,DP,SR,0.5962935881313491,0.056435306538130225,high,low,MG_high__US_low,0.5398582815932189
death,happy,A2,DP,0.06376589919058828,0.9022479367116418,low,high,MG_low__US_high,0.8384820375210535
death,happy,DG,MB,0.01837630629743492,0.007276133763833403,low,low,MG_low__US_low,-0.025652440061268322
death,justice,BK,SG,0.848328703387176,0.8783330347619098,high,high,MG_high__US_high,1.7266617381490859
death,justice,DP,LC,0.583438751055847,0.00946295111454587,high,low,MG_high__US_low,0.5739757999413011
death,justice,A2,MP,0.020544565029160244,0.6674332053501186,low,high,MG_low__US_high,0.6468886403209584
death,justice,LH,LO,0.007141883892795631,0.022243646337466005,low,low,MG_low__US_low,-0.029385530230261636
death,lightning,BK,SY,0.7897148321265397,0.9869617605098817,high,high,MG_high__US_high,1.7766765926364214
death,lightning,A1,DR,0.5752388061805351,0.03608136191601563,high,low,MG_high__US_low,0.5391574442645195
death,lightning,DR,SY,0.07291466224115117,0.9512004219825538,low,high,MG_low__US_high,0.8782857597414027
death,lightning,LB,SB,0.024258266241968585,0.0020308555901487058,low,low,MG_low__US_low,-0.02628912183211729
death,mango,BK,SG,0.9890994499300756,0.9999382885219714,high,high,MG_high__US_high,1.989037738452047
death,mango,DC,DP,0.5766369251816774,0.06101973817815032,high,low,MG_high__US_low,0.5156171870035271
death,mango,DG,SO,0.013304231782510945,0.8680912122464459,low,high,MG_low__US_high,0.854786980463935
death,mango,LB,SB,0.009226429603522934,0.04338578989572017,low,low,MG_low__US_low,-0.05261221949924311
death,peace,BK,SG,0.9451963578446445,0.9981231368855841,high,high,MG_high__US_high,1.9433194947302286
death,peace,DP,SH,0.6476267432291392,0.03763198344829988,high,low,MG_high__US_low,0.6099947597808393
death,peace,A2,SP,0.040421405048116865,0.832321152312268,low,high,MG_low__US_high,0.7918997472641511
death,peace,DB,MY,0.008792437423507549,0.005961182438560864,low,low,MG_low__US_low,-0.014753619862068412
death,peach,BK,SG,0.9605589176941476,0.9999996171831997,high,high,MG_high__US_high,1.9605585348773473
death,peach,DG,SP,0.6531151862915974,0.07849296286293472,high,low,MG_high__US_low,0.5746222234286626
death,peach,LB,LO,0.01234475943336144,0.9788082033548431,low,high,MG_low__US_high,0.9664634439214816
death,peach,DC,DO,0.016286357919679195,0.010443011800032043,low,low,MG_low__US_low,-0.026729369719711238
death,sad,BK,DC,0.35851144175345095,0.646635951965145,high,high,MG_high__US_high,1.005147393718596
death,sad,MO,SP,0.34088262319769336,0.1301257052491056,high,low,MG_high__US_low,0.21075691794858775
death,sad,MB,SY,0.03394043881075004,0.6554196592921073,low,high,MG_low__US_high,0.6214792204813573
death,sad,LH,LY,0.005273664020688074,0,low,low,MG_low__US_low,-0.005273664020688074
death,safety,BK,SG,0.8344431844130844,0.9982192840175408,high,high,MG_high__US_high,1.8326624684306252
death,safety,DB,SP,0.5550012797445514,0.008680350861387132,high,low,MG_high__US_low,0.5463209288831643
death,safety,A1,DP,0.026896423431580496,0.8486603256212426,low,high,MG_low__US_high,0.8217639021896621
death,safety,DG,MG,0.017396162640799906,0.00989438185024305,low,low,MG_low__US_low,-0.027290544491042956
death,sandstorm,BK,MO,0.7943511345516849,0.991346420411547,high,high,MG_high__US_high,1.785697554963232
death,sandstorm,MB,SP,0.5491870446075435,0.014569638652047023,high,low,MG_high__US_low,0.5346174059554964
death,sandstorm,BK,SP,0.03214733008394033,0.9240396354552152,low,high,MG_low__US_high,0.8918923053712748
death,sandstorm,LG,SC,0.01230041826618411,0.014151276105548893,low,low,MG_low__US_low,-0.026451694371733003
death,sick,BK,MG,0.6349673160426887,0.8974761926168588,high,high,MG_high__US_high,1.5324435086595476
death,sick,MB,SP,0.3970638302352944,0.005494228910330801,high,low,MG_high__US_low,0.3915696013249636
death,sick,MH,SB,8.086814359977712e-4,0.7411396298646817,low,high,MG_low__US_high,0.740330948428684
death,sick,LR,MR,0.029100010208731764,0.004385638480509657,low,low,MG_low__US_low,-0.03348564868924142
death,tree,BK,SG,0.9856301007907955,0.9998816199564142,high,high,MG_high__US_high,1.9855117207472097
death,tree,DB,DP,0.6711186872985602,0.02125294639662867,high,low,MG_high__US_low,0.6498657409019315
death,tree,A2,SP,0.010611672136095596,0.8878579905965751,low,high,MG_low__US_high,0.8772463184604795
death,tree,DY,SY,0.01996222825404881,0.014764231355202995,low,low,MG_low__US_low,-0.0347264596092518
happy,justice,BK,SY,0.5097478881086246,0.9066440657254498,high,high,MG_high__US_high,1.4163919538340743
happy,justice,A1,LC,0.06905284187773497,0.7388708174493848,low,high,MG_low__US_high,0.6698179755716498
happy,justice,MP,MR,2.517379092830674e-4,0.017377545430757868,low,low,MG_low__US_low,-0.017629283340040935
happy,lightning,BK,SG,0.6043012023171528,0.9096152715791894,high,high,MG_high__US_high,1.5139164738963422
happy,lightning,BK,WH,0.5011361797262242,0.011449087933631807,high,low,MG_high__US_low,0.48968709179259234
happy,lightning,SC,WH,0.01562163376815806,0.8126009581767712,low,high,MG_low__US_high,0.7969793244086132
happy,lightning,DH,MO,0.01737399888004032,0.016570445593065086,low,low,MG_low__US_low,-0.033944444473105406
happy,mango,DH,SB,0.6100840074585157,0.7559610568668544,high,high,MG_high__US_high,1.36604506432537
happy,mango,SG,WH,0.6115878640989605,0.013367790824122094,high,low,MG_high__US_low,0.5982200732748384
happy,mango,MO,SP,0.022628506049470365,0.7984994196355149,low,high,MG_low__US_high,0.7758709135860444
happy,mango,MY,SO,0.004125622549508934,0.00569598016541395,low,low,MG_low__US_low,-0.009821602714922884
happy,peace,A3,SY,0.47990699089124694,0.7357125075937687,high,high,MG_high__US_high,1.2156194984850157
happy,peace,A3,DB,0.3754365942420921,0.15077875382481037,high,low,MG_high__US_low,0.2246578404172817
happy,peace,DB,SR,0.06890787335695925,0.5950432846766116,low,high,MG_low__US_high,0.5261354113196524
happy,peace,DP,MY,0.00155728680801559,0.008512389152415034,low,low,MG_low__US_low,-0.010069675960430624
happy,peach,MO,WH,0.536568006594544,0.8732438249705223,high,high,MG_high__US_high,1.4098118315650663
happy,peach,DP,WH,0.5251526025332762,0.020509383258154656,high,low,MG_high__US_low,0.5046432192751216
happy,peach,MO,SG,0.013908251393873305,0.9188888756391365,low,high,MG_low__US_high,0.9049806242452632
happy,peach,LB,SH,0.001101471133512888,0.0188340574112274,low,low,MG_low__US_low,-0.01993552854474029
happy,sad,BK,SY,0.8995638704378415,0.999932892109856,high,high,MG_high__US_high,1.8994967625476975
happy,sad,MP,SB,0.6283205419064375,0.017744109550869913,high,low,MG_high__US_low,0.6105764323555676
happy,sad,DO,SP,0.015031787108348682,0.7760155810891003,low,high,MG_low__US_high,0.7609837939807516
happy,sad,SC,SR,0.012560929164201484,0.01747668604014141,low,low,MG_low__US_low,-0.030037615204342893
happy,safety,BK,LP,0.45014025167751504,0.6323969457425112,high,high,MG_high__US_high,1.0825371974200262
happy,safety,BK,WH,0.49745048069176345,0.046001857894829856,high,low,MG_high__US_low,0.4514486227969336
happy,safety,SC,SH,0.0027598022577639547,0.01040874895799343,low,low,MG_low__US_low,-0.013168551215757385
happy,sandstorm,DO,SB,0.7401814948223824,0.959517742066256,high,high,MG_high__US_high,1.6996992368886383
happy,sandstorm,MH,WH,0.4132258593083451,0.028887371253322358,high,low,MG_high__US_low,0.38433848805502274
happy,sandstorm,A3,LP,0.02631238723613838,0.7783523694905492,low,high,MG_low__US_high,0.7520399822544108
happy,sandstorm,LC,LG,0.009925367300701149,0.0029364431594882667,low,low,MG_low__US_low,-0.012861810460189416
happy,sick,BK,SY,0.7978676282937425,0.8907698514616891,high,high,MG_high__US_high,1.6886374797554315
happy,sick,MP,SO,0.6063301923110522,0.0024959622156952577,high,low,MG_high__US_low,0.603834230095357
happy,sick,DY,LP,0.03767022493032357,0.9685572889485972,low,high,MG_low__US_high,0.9308870640182736
happy,sick,MO,MY,0.010859395972561803,0.013372462497892368,low,low,MG_low__US_low,-0.02423185847045417
happy,tree,DG,WH,0.8448648882885432,0.9133334833283626,high,high,MG_high__US_high,1.7581983716169058
happy,tree,DP,WH,0.5574455425772922,0.02525777667059592,high,low,MG_high__US_low,0.5321877659066963
happy,tree,DO,LG,0.04891624233290881,0.769967949397335,low,high,MG_low__US_high,0.7210517070644262
happy,tree,A1,DC,0.00735774836515507,0.010179225428513072,low,low,MG_low__US_low,-0.017536973793668142
justice,lightning,DC,WH,0.35748051621765353,0.6466757912002814,high,high,MG_high__US_high,1.004156307417935
justice,lightning,A3,DY,0.5095201444598159,0.05743327978323576,high,low,MG_high__US_low,0.4520868646765801
justice,lightning,DG,SY,0.0576190825460543,0.8336749052038448,low,high,MG_low__US_high,0.7760558226577905
justice,lightning,LB,SC,0.008374570359702072,0.0035312811042972903,low,low,MG_low__US_low,-0.011905851463999362
justice,mango,A3,SO,0.8120820667692896,0.9333495785458106,high,high,MG_high__US_high,1.7454316453151002
justice,mango,DG,LP,0.6485057549660365,0.057338360407683586,high,low,MG_high__US_low,0.5911673945583529
justice,mango,DC,MO,0.018696610964317184,0.7987692663520853,low,high,MG_low__US_high,0.7800726553877682
justice,mango,LR,MR,0.022413659724835222,0.005099026158046804,low,low,MG_low__US_low,-0.027512685882882026
justice,peace,DR,LG,0.36892654846392947,0.6540103743131858,high,high,MG_high__US_high,1.0229369227771152
justice,peace,A1,LC,4.7147587544443814e-4,0.70749636075304,low,high,MG_low__US_high,0.7070248848775955
justice,peace,DH,SH,0.013746641322360864,0.001486952971729849,low,low,MG_low__US_low,-0.015233594294090713
justice,peach,MO,WH,0.6708323326126435,0.961713315871157,high,high,MG_high__US_high,1.6325456484838006
justice,peach,A3,MB,0.4926333752996894,0.01711047690350881,high,low,MG_high__US_low,0.4755228983961806
justice,peach,LO,MC,0.013623130003504347,0.9391901099101387,low,high,MG_low__US_high,0.9255669799066344
justice,peach,LG,MG,0.009789344534075983,0.008219367052406612,low,low,MG_low__US_low,-0.018008711586482595
justice,sad,A1,WH,0.7345554642662497,0.8560363672215445,high,high,MG_high__US_high,1.5905918314877943
justice,sad,A3,MP,0.54235508645747,0.040017221767564115,high,low,MG_high__US_low,0.5023378646899059
justice,sad,DR,LO,0.0019149074652649034,0.015067396785889864,low,low,MG_low__US_low,-0.016982304251154767
justice,safety,A1,A3,0.3843798217796095,0.042089566090525,high,low,MG_high__US_low,0.3422902556890845
justice,safety,BK,SH,0.024813047105358643,0.6539946701072283,low,high,MG_low__US_high,0.6291816230018696
justice,safety,MC,SR,0.00640772338516804,0.007113410679942922,low,low,MG_low__US_low,-0.013521134065110962
justice,sandstorm,MO,SB,0.6493659552218123,0.9039463747066683,high,high,MG_high__US_high,1.5533123299284806
justice,sandstorm,A3,BK,0.5250939324083341,0.05301359310182546,high,low,MG_high__US_low,0.47208033930650867
justice,sandstorm,BK,LO,0.05955579138507017,0.6972348586430355,low,high,MG_low__US_high,0.6376790672579653
justice,sandstorm,DR,LG,0.009735799464860972,0.0031969383869416834,low,low,MG_low__US_low,-0.012932737851802656
justice,sick,DY,WH,0.47855862583363745,0.9422670567858218,high,high,MG_high__US_high,1.4208256826194592
justice,sick,BK,LY,0.44639113011498366,0.020771014992187142,high,low,MG_high__US_low,0.4256201151227965
justice,sick,DP,DY,0.010521631162376588,0.8927885922749612,low,high,MG_low__US_high,0.8822669611125846
justice,sick,SO,SY,0.012818816884613116,2.827118064145928e-4,low,low,MG_low__US_low,-0.013101528691027708
justice,tree,DG,WH,0.9424891313039263,0.9391317403865014,high,high,MG_high__US_high,1.8816208716904277
justice,tree,A3,BK,0.5669931059437145,0.01080504298004259,high,low,MG_high__US_low,0.556188062963672
justice,tree,BK,LH,0.016922965980526117,0.619125566537666,low,high,MG_low__US_high,0.6022026005571399
justice,tree,LC,LR,0.0032601025670817574,0.010559372882694262,low,low,MG_low__US_low,-0.01381947544977602
lightning,mango,SG,WH,0.7018800400967695,0.9756327833997867,high,high,MG_high__US_high,1.6775128234965562
lightning,mango,DR,SG,0.7154400082314285,0.04374969480146035,high,low,MG_high__US_low,0.6716903134299681
lightning,mango,DR,WH,0.0026943232714251586,0.9675118895970853,low,high,MG_low__US_high,0.9648175663256602
lightning,mango,LP,SP,0.011015488263055706,0,low,low,MG_low__US_low,-0.011015488263055706
lightning,peace,BK,SG,0.49326284210860627,0.796341789009418,high,high,MG_high__US_high,1.2896046311180243
lightning,peace,A3,DR,0.5624116436984066,0.04188904602626886,high,low,MG_high__US_low,0.5205225976721377
lightning,peace,LR,SY,0.006703397098466901,0.7705938364549705,low,high,MG_low__US_high,0.7638904393565036
lightning,peace,DC,LP,0.005827351863434804,0.01225876580495222,low,low,MG_low__US_low,-0.018086117668387025
lightning,peach,SG,WH,0.6094262817486218,0.9700537982416584,high,high,MG_high__US_high,1.5794800799902802
lightning,peach,SG,SR,0.44367228246097973,0.06426312332334971,high,low,MG_high__US_low,0.37940915913763
lightning,peach,MO,SY,0.005016722126978124,0.9736053614564879,low,high,MG_low__US_high,0.9685886393295098
lightning,peach,LY,SB,0.02250894847355095,0.011011400864674892,low,low,MG_low__US_low,-0.03352034933822584
lightning,sad,BK,SY,0.5479659637567487,0.9599612184867101,high,high,MG_high__US_high,1.5079271822434588
lightning,sad,BK,DB,0.545641227728755,0.06769120013875951,high,low,MG_high__US_low,0.4779500275899955
lightning,sad,DB,SY,0.007933191776507309,0.9493447997900073,low,high,MG_low__US_high,0.9414116080135
lightning,sad,DG,DP,0.022969609444397632,0.019128213809110284,low,low,MG_low__US_low,-0.042097823253507916
lightning,safety,A2,SG,0.5276762505501158,0.6888521130391672,high,high,MG_high__US_high,1.216528363589283
lightning,safety,DP,SC,0.34915146502906547,0.051212907895690885,high,low,MG_high__US_low,0.2979385571333746
lightning,safety,BK,DC,0.00774721567045189,0.7320893206501278,low,high,MG_low__US_high,0.7243421049796759
lightning,safety,DO,SO,7.345829347429333e-4,0.032219139882650405,low,low,MG_low__US_low,-0.03295372281739334
lightning,sandstorm,MO,SR,0.6098781972833289,0.906338015603265,high,high,MG_high__US_high,1.516216212886594
lightning,sandstorm,BK,SR,0.46110973068628175,0.02117176072708027,high,low,MG_high__US_low,0.4399379699592015
lightning,sandstorm,DC,WH,0.0022141623769669216,0.833166608035601,low,high,MG_low__US_high,0.8309524456586341
lightning,sandstorm,DR,MR,0.008902058934154189,0.006055973510569912,low,low,MG_low__US_low,-0.014958032444724101
lightning,sick,DH,SY,0.35260967377452235,0.9483525243869773,high,high,MG_high__US_high,1.3009621981614996
lightning,sick,A1,SO,0.5126822427107389,0.0998987739410539,high,low,MG_high__US_low,0.412783468769685
lightning,sick,DY,WH,0.03304121675894528,0.9884924558891997,low,high,MG_low__US_high,0.9554512391302543
lightning,sick,LH,SP,0.017821181344238435,0.0018667048397185138,low,low,MG_low__US_low,-0.01968788618395695
lightning,tree,DG,DP,0.8758151473901932,0.9999775066957208,high,high,MG_high__US_high,1.875792654085914
lightning,tree,DO,SG,0.5138595527649119,0.04807561592656828,high,low,MG_high__US_low,0.4657839368383436
lightning,tree,DP,WH,0.023786499280971096,0.951748238091541,low,high,MG_low__US_high,0.9279617388105699
lightning,tree,LH,MY,7.161722465189868e-4,0.022352172121375524,low,low,MG_low__US_low,-0.02306834436789451
mango,peace,A3,SO,0.7584965690774652,0.9384657325645458,high,high,MG_high__US_high,1.696962301642011
mango,peace,A3,DB,0.6090673624456231,0.02890691679884383,high,low,MG_high__US_low,0.5801604456467793
mango,peace,A1,SB,0.011167533248291228,0.8753967685552813,low,high,MG_low__US_high,0.86422923530699
mango,peace,DR,MR,0.03769466953215478,5.672598453838607e-4,low,low,MG_low__US_low,-0.03826192937753864
mango,peach,LR,SY,0.49427812761946793,0.5931388529405948,high,high,MG_high__US_high,1.0874169805600626
mango,peach,DR,SO,0.47150665396591407,0.052136255103611084,high,low,MG_high__US_low,0.419370398862303
mango,peach,DR,LR,0.007699210859022809,0.5840580873144758,low,high,MG_low__US_high,0.576358876455453
mango,peach,MH,SG,0.018218078218477318,0.00594464790205157,low,low,MG_low__US_low,-0.024162726120528888
mango,sad,BK,SY,0.9254553306534228,0.993228143149723,high,high,MG_high__US_high,1.9186834738031457
mango,sad,DG,SP,0.6144544152501508,0.07051807220851147,high,low,MG_high__US_low,0.5439363430416393
mango,sad,DG,SO,0.02804609279929199,0.9102655367336037,low,high,MG_low__US_high,0.8822194439343116
mango,sad,DO,WH,0.0036412398966285675,0.042099468580104604,low,low,MG_low__US_low,-0.04574070847673317
mango,safety,SB,SO,0.5181505626187553,0.884304161613952,high,high,MG_high__US_high,1.4024547242327072
mango,safety,A3,DG,0.5318328720469916,0.009778889381141909,high,low,MG_high__US_low,0.5220539826658497
mango,safety,DG,SO,0.011840278247874314,0.7360085137939394,low,high,MG_low__US_high,0.724168235546065
mango,safety,DB,MB,2.564307119374276e-4,0.006907690992931537,low,low,MG_low__US_low,-0.007164121704868964
mango,sandstorm,A2,SG,0.7963618168111817,0.8096428447777213,high,high,MG_high__US_high,1.606004661588903
mango,sandstorm,LR,SG,0.5730481453717453,0.013897615373956063,high,low,MG_high__US_low,0.5591505299977892
mango,sandstorm,DG,SG,0.0040202205555766035,0.012278736387090594,low,low,MG_low__US_low,-0.016298956942667198
mango,sick,A1,SO,0.8484646933637838,0.9179922462023276,high,high,MG_high__US_high,1.7664569395661114
mango,sick,DP,SG,0.6486647144707369,0.041568767414018826,high,low,MG_high__US_low,0.6070959470567181
mango,sick,DY,LO,0.03347507799264848,0.7408158002812559,low,high,MG_low__US_high,0.7073407222886074
mango,sick,LR,MO,0.008247752309483491,0.010021990122707214,low,low,MG_low__US_low,-0.018269742432190705
mango,tree,DO,SO,0.6052023984784476,0.9343124935285971,high,high,MG_high__US_high,1.5395148920070447
mango,tree,MO,SY,0.48847203464664934,0.1346014960215931,high,low,MG_high__US_low,0.35387053862505624
mango,tree,A1,DG,0.04259245332767936,0.9493581821516262,low,high,MG_low__US_high,0.9067657288239468
mango,tree,LH,SB,0.01975390797439469,0.008623269173606785,low,low,MG_low__US_low,-0.028377177148001476
peace,peach,MO,WH,0.6872778530377373,0.9346373354247768,high,high,MG_high__US_high,1.621915188462514
peace,peach,A3,DB,0.5534868762634244,0.023259914063288756,high,low,MG_high__US_low,0.5302269622001357
peace,peach,LB,LO,0.027074425635544408,0.9420282581871287,low,high,MG_low__US_high,0.9149538325515842
peace,peach,DH,MH,2.377513170872536e-4,0.021463227944313212,low,low,MG_low__US_low,-0.021700979261400466
peace,sad,BK,WH,0.8574833953346463,0.9793404616995625,high,high,MG_high__US_high,1.8368238570342088
peace,sad,A3,DP,0.5477194449766836,0.07046598124317738,high,low,MG_high__US_low,0.4772534637335062
peace,sad,DY,SP,0.0345591489743069,0.6626255144041024,low,high,MG_low__US_high,0.6280663654297955
peace,sad,LY,SC,0.006249814342546733,0.013085713782802655,low,low,MG_low__US_low,-0.019335528125349388
peace,safety,DR,LB,0.338655148981474,0.6180623152656164,high,high,MG_high__US_high,0.9567174642470904
peace,safety,DB,WH,0.3923654857974674,0.0488608401367554,high,low,MG_high__US_low,0.343504645660712
peace,safety,DH,DY,0.008243786796629016,0.008710832027092386,low,low,MG_low__US_low,-0.0169546188237214
peace,sandstorm,DO,SB,0.6850267071376153,0.9780002891065587,high,high,MG_high__US_high,1.663026996244174
peace,sandstorm,A3,MH,0.4648313012070746,0.05729179093432851,high,low,MG_high__US_low,0.4075395102727461
peace,sandstorm,LP,SR,0.029724621247942284,0.6429339337668207,low,high,MG_low__US_high,0.6132093125188784
peace,sandstorm,LB,SB,0.019617622488398156,0.0031787826661301977,low,low,MG_low__US_low,-0.022796405154528354
peace,sick,BK,WH,0.6294847070384435,0.8844241097223202,high,high,MG_high__US_high,1.5139088167607637
peace,sick,DP,LY,0.5269491358733274,0.014475497970855011,high,low,MG_high__US_low,0.5124736379024724
peace,sick,DY,SP,0.012622311797415409,0.9055183916915177,low,high,MG_low__US_high,0.8928960798941024
peace,sick,LH,SG,0.025742849197078532,0.0016785258615221732,low,low,MG_low__US_low,-0.027421375058600705
peace,tree,DG,WH,0.8989189997697813,0.9380322935052827,high,high,MG_high__US_high,1.836951293275064
peace,tree,A3,DB,0.6045184883977202,0.03977326251212898,high,low,MG_high__US_low,0.5647452258855912
peace,tree,LB,SR,0.05572563875302805,0.8220463307061088,low,high,MG_low__US_high,0.7663206919530807
peace,tree,DC,MY,0.03704498562722791,0.006748641321498772,low,low,MG_low__US_low,-0.04379362694872668
peach,sad,BK,SG,0.8636505693548464,0.9878401280277522,high,high,MG_high__US_high,1.8514906973825986
peach,sad,DG,MP,0.5790193474675198,0.05264280574371227,high,low,MG_high__US_low,0.5263765417238075
peach,sad,LO,MB,0.005907256453721921,0.9726671225344792,low,high,MG_low__US_high,0.9667598660807573
peach,sad,LB,MC,0.012647307848296041,0.0270241010811873,low,low,MG_low__US_low,-0.03967140892948334
peach,safety,MO,WH,0.37665462972994845,0.9224192941338423,high,high,MG_high__US_high,1.2990739238637907
peach,safety,DG,WH,0.392823889481857,0.06006427022020211,high,low,MG_high__US_low,0.33275961926165487
peach,safety,MO,SG,0.007951494100728596,0.9161328076339514,low,high,MG_low__US_high,0.9081813135332228
peach,safety,DP,DR,0.003304952568536912,0.0054380100658436015,low,low,MG_low__US_low,-0.008742962634380513
peach,sandstorm,A2,SG,0.69187058161017,0.779709507970171,high,high,MG_high__US_high,1.471580089580341
peach,sandstorm,LO,SG,0.6268790475028438,0.03562644119551939,high,low,MG_high__US_low,0.5912526063073245
peach,sandstorm,LC,LR,0.05411227822984527,0.8005140148608507,low,high,MG_low__US_high,0.7464017366310054
peach,sandstorm,DB,SY,0.01987300003743342,0.006281735108855324,low,low,MG_low__US_low,-0.026154735146288743
peach,sick,BK,SO,0.6336164637424606,0.8368931738588248,high,high,MG_high__US_high,1.4705096376012854
peach,sick,SY,WH,0.48173348240424674,0.01962247703565012,high,low,MG_high__US_low,0.4621110053685966
peach,sick,DY,LO,0.023331744176058322,0.9615120972344233,low,high,MG_low__US_high,0.938180353058365
peach,sick,DB,DC,0.01413297924362622,0.020099114964047038,low,low,MG_low__US_low,-0.03423209420767326
peach,tree,DG,SR,0.5648159501911496,0.9830222833125553,high,high,MG_high__US_high,1.5478382335037049
peach,tree,A2,DR,0.3439712885003434,0.060473115084268114,high,low,MG_high__US_low,0.2834981734160753
peach,tree,LC,LO,0.013946314142863736,0.9197253478891414,low,high,MG_low__US_high,0.9057790337462777
peach,tree,DB,LB,0.012432580017323724,0.001334449607111876,low,low,MG_low__US_low,-0.0137670296244356
sad,safety,BK,SG,0.6623937232988839,0.9754555050731613,high,high,MG_high__US_high,1.6378492283720452
sad,safety,MP,SB,0.5822820343068318,0.08553234926608866,high,low,MG_high__US_low,0.4967496850407431
sad,safety,A1,MP,0.035530692808661835,0.8177387793021782,low,high,MG_low__US_high,0.7822080864935164
sad,safety,DH,MY,0.006049766124984757,0.009401194203293883,low,low,MG_low__US_low,-0.01545096032827864
sad,sandstorm,DP,MY,0.6301051236201083,0.883798579404431,high,high,MG_high__US_high,1.5139037030245392
sad,sandstorm,LC,MP,0.372736428939316,0.0033995476951551584,high,low,MG_high__US_low,0.36933688124416086
sad,sandstorm,DB,SR,0.012146293016019216,0.710087972418826,low,high,MG_low__US_high,0.6979416794028068
sad,sandstorm,DH,DR,0.004550513234878428,0.01740096958648696,low,low,MG_low__US_low,-0.021951482821365387
sad,sick,BK,LG,0.4305662480215704,0.6310784481507656,high,high,MG_high__US_high,1.061644696172336
sad,sick,BK,MB,0.367444306633141,0.005563180284259728,high,low,MG_high__US_low,0.36188112634888125
sad,sick,DB,DH,0.01985424152536086,0.817199605441771,low,high,MG_low__US_high,0.7973453639164101
sad,sick,DR,LR,0.021003691564419003,0.0063708380807194764,low,low,MG_low__US_low,-0.02737452964513848
sad,tree,BK,SG,0.9279325756686185,0.9942394936723189,high,high,MG_high__US_high,1.9221720693409374
sad,tree,DP,SB,0.5525148978365393,0.031329734461613024,high,low,MG_high__US_low,0.5211851633749263
sad,tree,A2,MP,0.0389251241650983,0.776224959471632,low,high,MG_low__US_high,0.7372998353065336
sad,tree,MO,SR,0.002772377363020384,0.03646466532791587,low,low,MG_low__US_low,-0.03923704269093625
safety,sandstorm,MO,SB,0.6682803598651521,0.9011397924798292,high,high,MG_high__US_high,1.5694201523449813
safety,sandstorm,BK,LY,4.303218220539917e-4,0.01895370620704867,low,low,MG_low__US_low,-0.019384028029102662
safety,sick,A2,SB,0.5168340294063625,0.7205473323377738,high,high,MG_high__US_high,1.2373813617441363
safety,sick,DP,SO,0.5358594161749233,0.006072245698871992,high,low,MG_high__US_low,0.5297871704760513
safety,sick,DY,LB,0.0019065088192304902,0.8783740713242236,low,high,MG_low__US_high,0.8764675625049931
safety,sick,LO,MG,0.009146343899798681,0.004996560960518648,low,low,MG_low__US_low,-0.014142904860317329
safety,tree,DG,WH,0.7168061782941484,0.8529590427149567,high,high,MG_high__US_high,1.569765221009105
safety,tree,A2,DR,0.353881136511222,0.04825551383100768,high,low,MG_high__US_low,0.3056256226802143
safety,tree,SP,SY,5.391258183158332e-4,0.002440106613636528,low,low,MG_low__US_low,-0.002979232431952361
sandstorm,sick,DH,MO,0.4289721702459057,0.8813396872022592,high,high,MG_high__US_high,1.310311857448165
sandstorm,sick,DP,DY,0.480609281615914,0.02829203865421981,high,low,MG_high__US_low,0.4523172429616942
sandstorm,sick,DH,WH,0.0197422683718389,0.8111346862224842,low,high,MG_low__US_high,0.7913924178506453
sandstorm,sick,DR,LG,0.005329850499566913,0.012535017151305006,low,low,MG_low__US_low,-0.01786486765087192
sandstorm,tree,DG,DP,0.8659233599171565,0.9999681006004519,high,high,MG_high__US_high,1.8658914605176085
sandstorm,tree,MH,SG,0.5164039076652496,0.14289899443216014,high,low,MG_high__US_low,0.37350491323308943
sandstorm,tree,LB,MH,0.04470894589667007,0.8002321854382233,low,high,MG_low__US_high,0.7555232395415532
sandstorm,tree,LP,SR,0.030335172053874038,0.010453749448375016,low,low,MG_low__US_low,-0.040788921502249054
sick,tree,DG,DP,0.8142912137964167,0.8410297366529063,high,high,MG_high__US_high,1.655320950449323
sick,tree,DP,SO,0.6219914256257899,0.014855426545216543,high,low,MG_high__US_low,0.6071359990805734
sick,tree,LH,LO,0.0050262817912833935,0.00999202105459518,low,low,MG_low__US_low,-0.015018302845878573
