progressBlock,color,progressColor,ans,conceptFr,expCountry,ID
1,BK,1,28,sécurité,mdg1,2024129-1029-53236
1,DG,2,74,sécurité,mdg1,2024129-1029-53236
1,SG,3,65,sécurité,mdg1,2024129-1029-53236
1,LP,4,4,sécurité,mdg1,2024129-1029-53236
1,LR,5,3,sécurité,mdg1,2024129-1029-53236
1,SY,6,85,sécurité,mdg1,2024129-1029-53236
1,WH,7,81,sécurité,mdg1,2024129-1029-53236
1,LH,8,80,sécurité,mdg1,2024129-1029-53236
1,DB,9,4,sécurité,mdg1,2024129-1029-53236
1,SB,10,5,sécurité,mdg1,2024129-1029-53236
1,MB,11,0,sécurité,mdg1,2024129-1029-53236
1,DY,12,0,sécurité,mdg1,2024129-1029-53236
1,A1,13,5,sécurité,mdg1,2024129-1029-53236
1,SH,14,95,sécurité,mdg1,2024129-1029-53236
1,MC,15,0,sécurité,mdg1,2024129-1029-53236
1,A2,16,3,sécurité,mdg1,2024129-1029-53236
1,LY,17,36,sécurité,mdg1,2024129-1029-53236
1,DO,18,60,sécurité,mdg1,2024129-1029-53236
1,DH,19,34,sécurité,mdg1,2024129-1029-53236
1,MY,20,79,sécurité,mdg1,2024129-1029-53236
1,LO,21,40,sécurité,mdg1,2024129-1029-53236
1,DC,22,0,sécurité,mdg1,2024129-1029-53236
1,MO,23,63,sécurité,mdg1,2024129-1029-53236
1,SP,24,0,sécurité,mdg1,2024129-1029-53236
1,MR,25,3,sécurité,mdg1,2024129-1029-53236
1,DP,26,0,sécurité,mdg1,2024129-1029-53236
1,MH,27,0,sécurité,mdg1,2024129-1029-53236
1,LB,28,11,sécurité,mdg1,2024129-1029-53236
1,SO,29,65,sécurité,mdg1,2024129-1029-53236
1,DR,30,0,sécurité,mdg1,2024129-1029-53236
1,LC,31,1,sécurité,mdg1,2024129-1029-53236
1,MP,32,0,sécurité,mdg1,2024129-1029-53236
1,A3,33,78,sécurité,mdg1,2024129-1029-53236
1,SR,34,0,sécurité,mdg1,2024129-1029-53236
1,SC,35,0,sécurité,mdg1,2024129-1029-53236
1,LG,36,41,sécurité,mdg1,2024129-1029-53236
1,MG,37,55,sécurité,mdg1,2024129-1029-53236
2,MP,1,0,triste,mdg1,2024129-1029-53236
2,SO,2,0,triste,mdg1,2024129-1029-53236
2,SG,3,0,triste,mdg1,2024129-1029-53236
2,SC,4,14,triste,mdg1,2024129-1029-53236
2,A1,5,62,triste,mdg1,2024129-1029-53236
2,LC,6,32,triste,mdg1,2024129-1029-53236
2,LG,7,34,triste,mdg1,2024129-1029-53236
2,A3,8,26,triste,mdg1,2024129-1029-53236
2,DY,9,0,triste,mdg1,2024129-1029-53236
2,LO,10,1,triste,mdg1,2024129-1029-53236
2,MR,11,14,triste,mdg1,2024129-1029-53236
2,BK,12,99,triste,mdg1,2024129-1029-53236
2,MO,13,0,triste,mdg1,2024129-1029-53236
2,LR,14,0,triste,mdg1,2024129-1029-53236
2,MY,15,0,triste,mdg1,2024129-1029-53236
2,DO,16,2,triste,mdg1,2024129-1029-53236
2,SB,17,0,triste,mdg1,2024129-1029-53236
2,MB,18,1,triste,mdg1,2024129-1029-53236
2,DB,19,1,triste,mdg1,2024129-1029-53236
2,LY,20,0,triste,mdg1,2024129-1029-53236
2,LB,21,1,triste,mdg1,2024129-1029-53236
2,DP,22,0,triste,mdg1,2024129-1029-53236
2,SP,23,0,triste,mdg1,2024129-1029-53236
2,SY,24,0,triste,mdg1,2024129-1029-53236
2,SH,25,0,triste,mdg1,2024129-1029-53236
2,MC,26,0,triste,mdg1,2024129-1029-53236
2,SR,27,10,triste,mdg1,2024129-1029-53236
2,LP,28,0,triste,mdg1,2024129-1029-53236
2,A2,29,67,triste,mdg1,2024129-1029-53236
2,DC,30,1,triste,mdg1,2024129-1029-53236
2,LH,31,0,triste,mdg1,2024129-1029-53236
2,DR,32,0,triste,mdg1,2024129-1029-53236
2,WH,33,22,triste,mdg1,2024129-1029-53236
2,MH,34,0,triste,mdg1,2024129-1029-53236
2,MG,35,0,triste,mdg1,2024129-1029-53236
2,DH,36,0,triste,mdg1,2024129-1029-53236
2,DG,37,0,triste,mdg1,2024129-1029-53236
3,DP,1,0,banane,mdg1,2024129-1029-53236
3,MR,2,0,banane,mdg1,2024129-1029-53236
3,LC,3,4,banane,mdg1,2024129-1029-53236
3,LG,4,19,banane,mdg1,2024129-1029-53236
3,SH,5,100,banane,mdg1,2024129-1029-53236
3,BK,6,26,banane,mdg1,2024129-1029-53236
3,LY,7,73,banane,mdg1,2024129-1029-53236
3,DR,8,4,banane,mdg1,2024129-1029-53236
3,MH,9,25,banane,mdg1,2024129-1029-53236
3,MP,10,0,banane,mdg1,2024129-1029-53236
3,SC,11,0,banane,mdg1,2024129-1029-53236
3,DH,12,40,banane,mdg1,2024129-1029-53236
3,A1,13,0,banane,mdg1,2024129-1029-53236
3,LO,14,1,banane,mdg1,2024129-1029-53236
3,SB,15,0,banane,mdg1,2024129-1029-53236
3,LB,16,0,banane,mdg1,2024129-1029-53236
3,DY,17,1,banane,mdg1,2024129-1029-53236
3,MC,18,0,banane,mdg1,2024129-1029-53236
3,LR,19,0,banane,mdg1,2024129-1029-53236
3,MB,20,1,banane,mdg1,2024129-1029-53236
3,A3,21,1,banane,mdg1,2024129-1029-53236
3,SO,22,0,banane,mdg1,2024129-1029-53236
3,A2,23,1,banane,mdg1,2024129-1029-53236
3,DO,24,0,banane,mdg1,2024129-1029-53236
3,WH,25,0,banane,mdg1,2024129-1029-53236
3,DG,26,37,banane,mdg1,2024129-1029-53236
3,MY,27,2,banane,mdg1,2024129-1029-53236
3,LP,28,0,banane,mdg1,2024129-1029-53236
3,SP,29,0,banane,mdg1,2024129-1029-53236
3,DC,30,0,banane,mdg1,2024129-1029-53236
3,SR,31,0,banane,mdg1,2024129-1029-53236
3,SG,32,100,banane,mdg1,2024129-1029-53236
3,MG,33,0,banane,mdg1,2024129-1029-53236
3,SY,34,99,banane,mdg1,2024129-1029-53236
3,DB,35,0,banane,mdg1,2024129-1029-53236
3,LH,36,1,banane,mdg1,2024129-1029-53236
3,MO,37,0,banane,mdg1,2024129-1029-53236
4,MP,1,0,foudre,mdg1,2024129-1029-53236
4,MY,2,0,foudre,mdg1,2024129-1029-53236
4,WH,3,60,foudre,mdg1,2024129-1029-53236
4,DP,4,0,foudre,mdg1,2024129-1029-53236
4,LB,5,26,foudre,mdg1,2024129-1029-53236
4,DB,6,0,foudre,mdg1,2024129-1029-53236
4,LH,7,0,foudre,mdg1,2024129-1029-53236
4,DG,8,0,foudre,mdg1,2024129-1029-53236
4,DC,9,0,foudre,mdg1,2024129-1029-53236
4,MB,10,0,foudre,mdg1,2024129-1029-53236
4,SY,11,0,foudre,mdg1,2024129-1029-53236
4,LP,12,0,foudre,mdg1,2024129-1029-53236
4,MG,13,0,foudre,mdg1,2024129-1029-53236
4,LY,14,0,foudre,mdg1,2024129-1029-53236
4,MC,15,0,foudre,mdg1,2024129-1029-53236
4,DR,16,0,foudre,mdg1,2024129-1029-53236
4,SC,17,0,foudre,mdg1,2024129-1029-53236
4,SB,18,0,foudre,mdg1,2024129-1029-53236
4,A2,19,74,foudre,mdg1,2024129-1029-53236
4,A1,20,64,foudre,mdg1,2024129-1029-53236
4,MH,21,0,foudre,mdg1,2024129-1029-53236
4,SR,22,0,foudre,mdg1,2024129-1029-53236
4,DH,23,0,foudre,mdg1,2024129-1029-53236
4,MO,24,0,foudre,mdg1,2024129-1029-53236
4,SP,25,0,foudre,mdg1,2024129-1029-53236
4,DY,26,0,foudre,mdg1,2024129-1029-53236
4,SG,27,0,foudre,mdg1,2024129-1029-53236
4,LG,28,0,foudre,mdg1,2024129-1029-53236
4,SO,29,0,foudre,mdg1,2024129-1029-53236
4,SH,30,0,foudre,mdg1,2024129-1029-53236
4,LO,31,0,foudre,mdg1,2024129-1029-53236
4,BK,32,90,foudre,mdg1,2024129-1029-53236
4,DO,33,0,foudre,mdg1,2024129-1029-53236
4,MR,34,0,foudre,mdg1,2024129-1029-53236
4,LC,35,0,foudre,mdg1,2024129-1029-53236
4,LR,36,1,foudre,mdg1,2024129-1029-53236
4,A3,37,0,foudre,mdg1,2024129-1029-53236
5,MY,1,0,ouragan,mdg1,2024129-1029-53236
5,SH,2,0,ouragan,mdg1,2024129-1029-53236
5,MO,3,1,ouragan,mdg1,2024129-1029-53236
5,SR,4,1,ouragan,mdg1,2024129-1029-53236
5,SC,5,100,ouragan,mdg1,2024129-1029-53236
5,DR,6,0,ouragan,mdg1,2024129-1029-53236
5,MB,7,100,ouragan,mdg1,2024129-1029-53236
5,DB,8,99,ouragan,mdg1,2024129-1029-53236
5,LC,9,66,ouragan,mdg1,2024129-1029-53236
5,LR,10,0,ouragan,mdg1,2024129-1029-53236
5,DC,11,0,ouragan,mdg1,2024129-1029-53236
5,DY,12,0,ouragan,mdg1,2024129-1029-53236
5,SY,13,0,ouragan,mdg1,2024129-1029-53236
5,A2,14,57,ouragan,mdg1,2024129-1029-53236
5,A1,15,0,ouragan,mdg1,2024129-1029-53236
5,LG,16,0,ouragan,mdg1,2024129-1029-53236
5,LO,17,0,ouragan,mdg1,2024129-1029-53236
5,DG,18,0,ouragan,mdg1,2024129-1029-53236
5,LY,19,0,ouragan,mdg1,2024129-1029-53236
5,MR,20,0,ouragan,mdg1,2024129-1029-53236
5,BK,21,0,ouragan,mdg1,2024129-1029-53236
5,DP,22,0,ouragan,mdg1,2024129-1029-53236
5,MG,23,0,ouragan,mdg1,2024129-1029-53236
5,SO,24,0,ouragan,mdg1,2024129-1029-53236
5,SG,25,0,ouragan,mdg1,2024129-1029-53236
5,DO,26,0,ouragan,mdg1,2024129-1029-53236
5,SP,27,0,ouragan,mdg1,2024129-1029-53236
5,MP,28,0,ouragan,mdg1,2024129-1029-53236
5,LB,29,0,ouragan,mdg1,2024129-1029-53236
5,MC,30,0,ouragan,mdg1,2024129-1029-53236
5,DH,31,0,ouragan,mdg1,2024129-1029-53236
5,MH,32,0,ouragan,mdg1,2024129-1029-53236
5,A3,33,0,ouragan,mdg1,2024129-1029-53236
5,SB,34,98,ouragan,mdg1,2024129-1029-53236
5,WH,35,0,ouragan,mdg1,2024129-1029-53236
5,LH,36,0,ouragan,mdg1,2024129-1029-53236
5,LP,37,0,ouragan,mdg1,2024129-1029-53236
6,DY,1,0,carotte,mdg1,2024129-1029-53236
6,DB,2,0,carotte,mdg1,2024129-1029-53236
6,SH,3,0,carotte,mdg1,2024129-1029-53236
6,LB,4,0,carotte,mdg1,2024129-1029-53236
6,SG,5,0,carotte,mdg1,2024129-1029-53236
6,LR,6,0,carotte,mdg1,2024129-1029-53236
6,DH,7,0,carotte,mdg1,2024129-1029-53236
6,DP,8,1,carotte,mdg1,2024129-1029-53236
6,DR,9,0,carotte,mdg1,2024129-1029-53236
6,MO,10,100,carotte,mdg1,2024129-1029-53236
6,SC,11,1,carotte,mdg1,2024129-1029-53236
6,MY,12,72,carotte,mdg1,2024129-1029-53236
6,WH,13,0,carotte,mdg1,2024129-1029-53236
6,DC,14,0,carotte,mdg1,2024129-1029-53236
6,MH,15,0,carotte,mdg1,2024129-1029-53236
6,LO,16,70,carotte,mdg1,2024129-1029-53236
6,A2,17,0,carotte,mdg1,2024129-1029-53236
6,SR,18,0,carotte,mdg1,2024129-1029-53236
6,SO,19,99,carotte,mdg1,2024129-1029-53236
6,MC,20,1,carotte,mdg1,2024129-1029-53236
6,A1,21,0,carotte,mdg1,2024129-1029-53236
6,LH,22,0,carotte,mdg1,2024129-1029-53236
6,MG,23,1,carotte,mdg1,2024129-1029-53236
6,DG,24,0,carotte,mdg1,2024129-1029-53236
6,LY,25,0,carotte,mdg1,2024129-1029-53236
6,DO,26,0,carotte,mdg1,2024129-1029-53236
6,MB,27,0,carotte,mdg1,2024129-1029-53236
6,LP,28,0,carotte,mdg1,2024129-1029-53236
6,MR,29,0,carotte,mdg1,2024129-1029-53236
6,SY,30,0,carotte,mdg1,2024129-1029-53236
6,BK,31,0,carotte,mdg1,2024129-1029-53236
6,MP,32,0,carotte,mdg1,2024129-1029-53236
6,LC,33,0,carotte,mdg1,2024129-1029-53236
6,A3,34,0,carotte,mdg1,2024129-1029-53236
6,LG,35,0,carotte,mdg1,2024129-1029-53236
6,SB,36,0,carotte,mdg1,2024129-1029-53236
6,SP,37,0,carotte,mdg1,2024129-1029-53236
7,SP,1,0,paix,mdg1,2024129-1029-53236
7,BK,2,82,paix,mdg1,2024129-1029-53236
7,LO,3,0,paix,mdg1,2024129-1029-53236
7,LG,4,0,paix,mdg1,2024129-1029-53236
7,MG,5,0,paix,mdg1,2024129-1029-53236
7,A1,6,0,paix,mdg1,2024129-1029-53236
7,LB,7,76,paix,mdg1,2024129-1029-53236
7,LH,8,1,paix,mdg1,2024129-1029-53236
7,MP,9,1,paix,mdg1,2024129-1029-53236
7,A2,10,0,paix,mdg1,2024129-1029-53236
7,MC,11,75,paix,mdg1,2024129-1029-53236
7,SH,12,0,paix,mdg1,2024129-1029-53236
7,LP,13,0,paix,mdg1,2024129-1029-53236
7,LY,14,0,paix,mdg1,2024129-1029-53236
7,SC,15,100,paix,mdg1,2024129-1029-53236
7,DH,16,2,paix,mdg1,2024129-1029-53236
7,DR,17,0,paix,mdg1,2024129-1029-53236
7,MH,18,0,paix,mdg1,2024129-1029-53236
7,DP,19,0,paix,mdg1,2024129-1029-53236
7,MY,20,0,paix,mdg1,2024129-1029-53236
7,DG,21,100,paix,mdg1,2024129-1029-53236
7,A3,22,98,paix,mdg1,2024129-1029-53236
7,SY,23,0,paix,mdg1,2024129-1029-53236
7,MR,24,1,paix,mdg1,2024129-1029-53236
7,DO,25,0,paix,mdg1,2024129-1029-53236
7,SO,26,0,paix,mdg1,2024129-1029-53236
7,SR,27,0,paix,mdg1,2024129-1029-53236
7,SB,28,100,paix,mdg1,2024129-1029-53236
7,LC,29,0,paix,mdg1,2024129-1029-53236
7,MO,30,0,paix,mdg1,2024129-1029-53236
7,SG,31,0,paix,mdg1,2024129-1029-53236
7,LR,32,0,paix,mdg1,2024129-1029-53236
7,DY,33,0,paix,mdg1,2024129-1029-53236
7,MB,34,0,paix,mdg1,2024129-1029-53236
7,DB,35,0,paix,mdg1,2024129-1029-53236
7,DC,36,0,paix,mdg1,2024129-1029-53236
7,WH,37,100,paix,mdg1,2024129-1029-53236
8,A1,1,0,tempête de sable,mdg1,2024129-1029-53236
8,DC,2,1,tempête de sable,mdg1,2024129-1029-53236
8,LC,3,0,tempête de sable,mdg1,2024129-1029-53236
8,SB,4,37,tempête de sable,mdg1,2024129-1029-53236
8,MH,5,0,tempête de sable,mdg1,2024129-1029-53236
8,MG,6,0,tempête de sable,mdg1,2024129-1029-53236
8,SC,7,36,tempête de sable,mdg1,2024129-1029-53236
8,LG,8,1,tempête de sable,mdg1,2024129-1029-53236
8,MC,9,0,tempête de sable,mdg1,2024129-1029-53236
8,SO,10,0,tempête de sable,mdg1,2024129-1029-53236
8,DG,11,0,tempête de sable,mdg1,2024129-1029-53236
8,A3,12,86,tempête de sable,mdg1,2024129-1029-53236
8,SP,13,0,tempête de sable,mdg1,2024129-1029-53236
8,WH,14,92,tempête de sable,mdg1,2024129-1029-53236
8,MY,15,0,tempête de sable,mdg1,2024129-1029-53236
8,DY,16,0,tempête de sable,mdg1,2024129-1029-53236
8,A2,17,63,tempête de sable,mdg1,2024129-1029-53236
8,DO,18,0,tempête de sable,mdg1,2024129-1029-53236
8,LO,19,0,tempête de sable,mdg1,2024129-1029-53236
8,MO,20,0,tempête de sable,mdg1,2024129-1029-53236
8,LR,21,0,tempête de sable,mdg1,2024129-1029-53236
8,DP,22,0,tempête de sable,mdg1,2024129-1029-53236
8,SR,23,0,tempête de sable,mdg1,2024129-1029-53236
8,DH,24,0,tempête de sable,mdg1,2024129-1029-53236
8,MB,25,63,tempête de sable,mdg1,2024129-1029-53236
8,MP,26,0,tempête de sable,mdg1,2024129-1029-53236
8,LY,27,0,tempête de sable,mdg1,2024129-1029-53236
8,LH,28,0,tempête de sable,mdg1,2024129-1029-53236
8,DB,29,0,tempête de sable,mdg1,2024129-1029-53236
8,SH,30,0,tempête de sable,mdg1,2024129-1029-53236
8,SY,31,0,tempête de sable,mdg1,2024129-1029-53236
8,MR,32,0,tempête de sable,mdg1,2024129-1029-53236
8,DR,33,0,tempête de sable,mdg1,2024129-1029-53236
8,LB,34,0,tempête de sable,mdg1,2024129-1029-53236
8,BK,35,0,tempête de sable,mdg1,2024129-1029-53236
8,SG,36,0,tempête de sable,mdg1,2024129-1029-53236
8,LP,37,0,tempête de sable,mdg1,2024129-1029-53236
9,SR,1,0,pêche,mdg1,2024129-1029-53236
9,DG,2,1,pêche,mdg1,2024129-1029-53236
9,MB,3,75,pêche,mdg1,2024129-1029-53236
9,DB,4,33,pêche,mdg1,2024129-1029-53236
9,DH,5,0,pêche,mdg1,2024129-1029-53236
9,DR,6,0,pêche,mdg1,2024129-1029-53236
9,SG,7,37,pêche,mdg1,2024129-1029-53236
9,MH,8,0,pêche,mdg1,2024129-1029-53236
9,SC,9,63,pêche,mdg1,2024129-1029-53236
9,MP,10,1,pêche,mdg1,2024129-1029-53236
9,A1,11,0,pêche,mdg1,2024129-1029-53236
9,A2,12,0,pêche,mdg1,2024129-1029-53236
9,WH,13,0,pêche,mdg1,2024129-1029-53236
9,LB,14,0,pêche,mdg1,2024129-1029-53236
9,MC,15,0,pêche,mdg1,2024129-1029-53236
9,BK,16,0,pêche,mdg1,2024129-1029-53236
9,LR,17,0,pêche,mdg1,2024129-1029-53236
9,SH,18,0,pêche,mdg1,2024129-1029-53236
9,DY,19,0,pêche,mdg1,2024129-1029-53236
9,MY,20,0,pêche,mdg1,2024129-1029-53236
9,SP,21,0,pêche,mdg1,2024129-1029-53236
9,DC,22,0,pêche,mdg1,2024129-1029-53236
9,LY,23,0,pêche,mdg1,2024129-1029-53236
9,MR,24,0,pêche,mdg1,2024129-1029-53236
9,LP,25,0,pêche,mdg1,2024129-1029-53236
9,LH,26,0,pêche,mdg1,2024129-1029-53236
9,LC,27,65,pêche,mdg1,2024129-1029-53236
9,SY,28,0,pêche,mdg1,2024129-1029-53236
9,LO,29,0,pêche,mdg1,2024129-1029-53236
9,DO,30,0,pêche,mdg1,2024129-1029-53236
9,A3,31,0,pêche,mdg1,2024129-1029-53236
9,SB,32,75,pêche,mdg1,2024129-1029-53236
9,LG,33,53,pêche,mdg1,2024129-1029-53236
9,MO,34,0,pêche,mdg1,2024129-1029-53236
9,DP,35,0,pêche,mdg1,2024129-1029-53236
9,SO,36,0,pêche,mdg1,2024129-1029-53236
9,MG,37,0,pêche,mdg1,2024129-1029-53236
10,MG,1,99,amour,mdg1,2024129-1029-53236
10,SH,2,0,amour,mdg1,2024129-1029-53236
10,LH,3,0,amour,mdg1,2024129-1029-53236
10,DH,4,0,amour,mdg1,2024129-1029-53236
10,DG,5,35,amour,mdg1,2024129-1029-53236
10,MO,6,0,amour,mdg1,2024129-1029-53236
10,MR,7,99,amour,mdg1,2024129-1029-53236
10,LC,8,34,amour,mdg1,2024129-1029-53236
10,LR,9,62,amour,mdg1,2024129-1029-53236
10,SO,10,0,amour,mdg1,2024129-1029-53236
10,DC,11,0,amour,mdg1,2024129-1029-53236
10,LB,12,0,amour,mdg1,2024129-1029-53236
10,A2,13,2,amour,mdg1,2024129-1029-53236
10,SG,14,0,amour,mdg1,2024129-1029-53236
10,MB,15,0,amour,mdg1,2024129-1029-53236
10,MP,16,0,amour,mdg1,2024129-1029-53236
10,DO,17,0,amour,mdg1,2024129-1029-53236
10,SR,18,100,amour,mdg1,2024129-1029-53236
10,SY,19,0,amour,mdg1,2024129-1029-53236
10,WH,20,99,amour,mdg1,2024129-1029-53236
10,A1,21,0,amour,mdg1,2024129-1029-53236
10,DP,22,0,amour,mdg1,2024129-1029-53236
10,SC,23,0,amour,mdg1,2024129-1029-53236
10,SB,24,0,amour,mdg1,2024129-1029-53236
10,LP,25,0,amour,mdg1,2024129-1029-53236
10,LY,26,1,amour,mdg1,2024129-1029-53236
10,MC,27,0,amour,mdg1,2024129-1029-53236
10,DY,28,0,amour,mdg1,2024129-1029-53236
10,DB,29,0,amour,mdg1,2024129-1029-53236
10,BK,30,40,amour,mdg1,2024129-1029-53236
10,SP,31,1,amour,mdg1,2024129-1029-53236
10,LG,32,0,amour,mdg1,2024129-1029-53236
10,MY,33,0,amour,mdg1,2024129-1029-53236
10,A3,34,0,amour,mdg1,2024129-1029-53236
10,LO,35,0,amour,mdg1,2024129-1029-53236
10,MH,36,0,amour,mdg1,2024129-1029-53236
10,DR,37,100,amour,mdg1,2024129-1029-53236
11,DY,1,0,en colère,mdg1,2024129-1029-53236
11,DO,2,0,en colère,mdg1,2024129-1029-53236
11,LP,3,0,en colère,mdg1,2024129-1029-53236
11,MH,4,0,en colère,mdg1,2024129-1029-53236
11,DG,5,0,en colère,mdg1,2024129-1029-53236
11,A3,6,100,en colère,mdg1,2024129-1029-53236
11,LO,7,62,en colère,mdg1,2024129-1029-53236
11,MR,8,0,en colère,mdg1,2024129-1029-53236
11,SG,9,0,en colère,mdg1,2024129-1029-53236
11,SC,10,0,en colère,mdg1,2024129-1029-53236
11,LY,11,1,en colère,mdg1,2024129-1029-53236
11,SY,12,0,en colère,mdg1,2024129-1029-53236
11,SP,13,0,en colère,mdg1,2024129-1029-53236
11,SO,14,68,en colère,mdg1,2024129-1029-53236
11,DC,15,0,en colère,mdg1,2024129-1029-53236
11,MP,16,0,en colère,mdg1,2024129-1029-53236
11,LG,17,0,en colère,mdg1,2024129-1029-53236
11,LC,18,1,en colère,mdg1,2024129-1029-53236
11,DP,19,0,en colère,mdg1,2024129-1029-53236
11,SR,20,0,en colère,mdg1,2024129-1029-53236
11,SB,21,0,en colère,mdg1,2024129-1029-53236
11,MY,22,55,en colère,mdg1,2024129-1029-53236
11,MG,23,0,en colère,mdg1,2024129-1029-53236
11,A1,24,0,en colère,mdg1,2024129-1029-53236
11,A2,25,0,en colère,mdg1,2024129-1029-53236
11,BK,26,0,en colère,mdg1,2024129-1029-53236
11,MB,27,0,en colère,mdg1,2024129-1029-53236
11,LB,28,0,en colère,mdg1,2024129-1029-53236
11,DH,29,0,en colère,mdg1,2024129-1029-53236
11,DR,30,0,en colère,mdg1,2024129-1029-53236
11,DB,31,0,en colère,mdg1,2024129-1029-53236
11,MO,32,0,en colère,mdg1,2024129-1029-53236
11,SH,33,38,en colère,mdg1,2024129-1029-53236
11,MC,34,0,en colère,mdg1,2024129-1029-53236
11,LH,35,0,en colère,mdg1,2024129-1029-53236
11,WH,36,0,en colère,mdg1,2024129-1029-53236
11,LR,37,0,en colère,mdg1,2024129-1029-53236
12,DP,1,0,heureux,mdg1,2024129-1029-53236
12,LH,2,0,heureux,mdg1,2024129-1029-53236
12,MG,3,34,heureux,mdg1,2024129-1029-53236
12,MP,4,0,heureux,mdg1,2024129-1029-53236
12,SG,5,0,heureux,mdg1,2024129-1029-53236
12,DO,6,0,heureux,mdg1,2024129-1029-53236
12,MY,7,0,heureux,mdg1,2024129-1029-53236
12,LP,8,0,heureux,mdg1,2024129-1029-53236
12,LY,9,0,heureux,mdg1,2024129-1029-53236
12,DY,10,0,heureux,mdg1,2024129-1029-53236
12,BK,11,0,heureux,mdg1,2024129-1029-53236
12,DC,12,0,heureux,mdg1,2024129-1029-53236
12,SB,13,74,heureux,mdg1,2024129-1029-53236
12,LB,14,59,heureux,mdg1,2024129-1029-53236
12,SO,15,0,heureux,mdg1,2024129-1029-53236
12,SC,16,0,heureux,mdg1,2024129-1029-53236
12,DG,17,72,heureux,mdg1,2024129-1029-53236
12,DB,18,0,heureux,mdg1,2024129-1029-53236
12,LG,19,1,heureux,mdg1,2024129-1029-53236
12,MH,20,0,heureux,mdg1,2024129-1029-53236
12,SH,21,0,heureux,mdg1,2024129-1029-53236
12,A3,22,80,heureux,mdg1,2024129-1029-53236
12,LO,23,0,heureux,mdg1,2024129-1029-53236
12,A2,24,0,heureux,mdg1,2024129-1029-53236
12,MB,25,0,heureux,mdg1,2024129-1029-53236
12,LC,26,0,heureux,mdg1,2024129-1029-53236
12,SP,27,0,heureux,mdg1,2024129-1029-53236
12,LR,28,0,heureux,mdg1,2024129-1029-53236
12,A1,29,0,heureux,mdg1,2024129-1029-53236
12,MO,30,0,heureux,mdg1,2024129-1029-53236
12,SR,31,100,heureux,mdg1,2024129-1029-53236
12,MC,32,61,heureux,mdg1,2024129-1029-53236
12,SY,33,0,heureux,mdg1,2024129-1029-53236
12,DH,34,0,heureux,mdg1,2024129-1029-53236
12,WH,35,100,heureux,mdg1,2024129-1029-53236
12,DR,36,82,heureux,mdg1,2024129-1029-53236
12,MR,37,31,heureux,mdg1,2024129-1029-53236
13,SY,1,0,confort,mdg1,2024129-1029-53236
13,SB,2,25,confort,mdg1,2024129-1029-53236
13,MR,3,40,confort,mdg1,2024129-1029-53236
13,A1,4,100,confort,mdg1,2024129-1029-53236
13,DC,5,0,confort,mdg1,2024129-1029-53236
13,LH,6,0,confort,mdg1,2024129-1029-53236
13,MO,7,0,confort,mdg1,2024129-1029-53236
13,DY,8,0,confort,mdg1,2024129-1029-53236
13,SC,9,0,confort,mdg1,2024129-1029-53236
13,MP,10,0,confort,mdg1,2024129-1029-53236
13,MG,11,0,confort,mdg1,2024129-1029-53236
13,SP,12,0,confort,mdg1,2024129-1029-53236
13,LO,13,0,confort,mdg1,2024129-1029-53236
13,LP,14,0,confort,mdg1,2024129-1029-53236
13,LG,15,0,confort,mdg1,2024129-1029-53236
13,MY,16,0,confort,mdg1,2024129-1029-53236
13,BK,17,87,confort,mdg1,2024129-1029-53236
13,DO,18,2,confort,mdg1,2024129-1029-53236
13,MC,19,0,confort,mdg1,2024129-1029-53236
13,LY,20,1,confort,mdg1,2024129-1029-53236
13,DP,21,0,confort,mdg1,2024129-1029-53236
13,A3,22,85,confort,mdg1,2024129-1029-53236
13,DR,23,0,confort,mdg1,2024129-1029-53236
13,SO,24,0,confort,mdg1,2024129-1029-53236
13,WH,25,100,confort,mdg1,2024129-1029-53236
13,MB,26,0,confort,mdg1,2024129-1029-53236
13,LC,27,0,confort,mdg1,2024129-1029-53236
13,SH,28,1,confort,mdg1,2024129-1029-53236
13,DH,29,0,confort,mdg1,2024129-1029-53236
13,A2,30,67,confort,mdg1,2024129-1029-53236
13,MH,31,0,confort,mdg1,2024129-1029-53236
13,DB,32,0,confort,mdg1,2024129-1029-53236
13,SR,33,0,confort,mdg1,2024129-1029-53236
13,DG,34,0,confort,mdg1,2024129-1029-53236
13,LB,35,1,confort,mdg1,2024129-1029-53236
13,LR,36,0,confort,mdg1,2024129-1029-53236
13,SG,37,0,confort,mdg1,2024129-1029-53236
14,DP,1,0,mangue,mdg1,2024129-1029-53236
14,LO,2,0,mangue,mdg1,2024129-1029-53236
14,WH,3,0,mangue,mdg1,2024129-1029-53236
14,LG,4,28,mangue,mdg1,2024129-1029-53236
14,DY,5,0,mangue,mdg1,2024129-1029-53236
14,A1,6,0,mangue,mdg1,2024129-1029-53236
14,SO,7,0,mangue,mdg1,2024129-1029-53236
14,SP,8,0,mangue,mdg1,2024129-1029-53236
14,MB,9,0,mangue,mdg1,2024129-1029-53236
14,DR,10,0,mangue,mdg1,2024129-1029-53236
14,DO,11,0,mangue,mdg1,2024129-1029-53236
14,DC,12,0,mangue,mdg1,2024129-1029-53236
14,DB,13,0,mangue,mdg1,2024129-1029-53236
14,MR,14,0,mangue,mdg1,2024129-1029-53236
14,MH,15,0,mangue,mdg1,2024129-1029-53236
14,A2,16,0,mangue,mdg1,2024129-1029-53236
14,DG,17,29,mangue,mdg1,2024129-1029-53236
14,SB,18,0,mangue,mdg1,2024129-1029-53236
14,MY,19,0,mangue,mdg1,2024129-1029-53236
14,LC,20,1,mangue,mdg1,2024129-1029-53236
14,SH,21,27,mangue,mdg1,2024129-1029-53236
14,LP,22,0,mangue,mdg1,2024129-1029-53236
14,MP,23,0,mangue,mdg1,2024129-1029-53236
14,SC,24,0,mangue,mdg1,2024129-1029-53236
14,SR,25,0,mangue,mdg1,2024129-1029-53236
14,BK,26,0,mangue,mdg1,2024129-1029-53236
14,DH,27,0,mangue,mdg1,2024129-1029-53236
14,MO,28,0,mangue,mdg1,2024129-1029-53236
14,A3,29,0,mangue,mdg1,2024129-1029-53236
14,SG,30,0,mangue,mdg1,2024129-1029-53236
14,SY,31,100,mangue,mdg1,2024129-1029-53236
14,MC,32,0,mangue,mdg1,2024129-1029-53236
14,LY,33,66,mangue,mdg1,2024129-1029-53236
14,LH,34,0,mangue,mdg1,2024129-1029-53236
14,LR,35,0,mangue,mdg1,2024129-1029-53236
14,LB,36,1,mangue,mdg1,2024129-1029-53236
14,MG,37,0,mangue,mdg1,2024129-1029-53236
15,MB,1,32,justice,mdg1,2024129-1029-53236
15,SY,2,0,justice,mdg1,2024129-1029-53236
15,DO,3,0,justice,mdg1,2024129-1029-53236
15,MG,4,0,justice,mdg1,2024129-1029-53236
15,LC,5,0,justice,mdg1,2024129-1029-53236
15,DB,6,0,justice,mdg1,2024129-1029-53236
15,DY,7,0,justice,mdg1,2024129-1029-53236
15,LR,8,0,justice,mdg1,2024129-1029-53236
15,A2,9,67,justice,mdg1,2024129-1029-53236
15,DG,10,0,justice,mdg1,2024129-1029-53236
15,LB,11,0,justice,mdg1,2024129-1029-53236
15,A1,12,1,justice,mdg1,2024129-1029-53236
15,LO,13,0,justice,mdg1,2024129-1029-53236
15,SG,14,1,justice,mdg1,2024129-1029-53236
15,SH,15,0,justice,mdg1,2024129-1029-53236
15,SO,16,0,justice,mdg1,2024129-1029-53236
15,DH,17,0,justice,mdg1,2024129-1029-53236
15,LG,18,0,justice,mdg1,2024129-1029-53236
15,MH,19,0,justice,mdg1,2024129-1029-53236
15,LP,20,0,justice,mdg1,2024129-1029-53236
15,SC,21,0,justice,mdg1,2024129-1029-53236
15,A3,22,100,justice,mdg1,2024129-1029-53236
15,MC,23,0,justice,mdg1,2024129-1029-53236
15,MP,24,0,justice,mdg1,2024129-1029-53236
15,SB,25,99,justice,mdg1,2024129-1029-53236
15,SP,26,0,justice,mdg1,2024129-1029-53236
15,DR,27,0,justice,mdg1,2024129-1029-53236
15,MY,28,0,justice,mdg1,2024129-1029-53236
15,LY,29,0,justice,mdg1,2024129-1029-53236
15,LH,30,0,justice,mdg1,2024129-1029-53236
15,MO,31,0,justice,mdg1,2024129-1029-53236
15,WH,32,100,justice,mdg1,2024129-1029-53236
15,MR,33,0,justice,mdg1,2024129-1029-53236
15,DC,34,0,justice,mdg1,2024129-1029-53236
15,BK,35,0,justice,mdg1,2024129-1029-53236
15,DP,36,0,justice,mdg1,2024129-1029-53236
15,SR,37,0,justice,mdg1,2024129-1029-53236
16,SY,1,100,sécheresse,mdg1,2024129-1029-53236
16,LC,2,0,sécheresse,mdg1,2024129-1029-53236
16,SB,3,100,sécheresse,mdg1,2024129-1029-53236
16,MB,4,0,sécheresse,mdg1,2024129-1029-53236
16,DB,5,0,sécheresse,mdg1,2024129-1029-53236
16,DG,6,0,sécheresse,mdg1,2024129-1029-53236
16,SP,7,0,sécheresse,mdg1,2024129-1029-53236
16,MY,8,100,sécheresse,mdg1,2024129-1029-53236
16,LB,9,0,sécheresse,mdg1,2024129-1029-53236
16,A3,10,0,sécheresse,mdg1,2024129-1029-53236
16,MR,11,0,sécheresse,mdg1,2024129-1029-53236
16,MH,12,0,sécheresse,mdg1,2024129-1029-53236
16,SC,13,0,sécheresse,mdg1,2024129-1029-53236
16,BK,14,0,sécheresse,mdg1,2024129-1029-53236
16,LH,15,0,sécheresse,mdg1,2024129-1029-53236
16,LG,16,0,sécheresse,mdg1,2024129-1029-53236
16,WH,17,0,sécheresse,mdg1,2024129-1029-53236
16,SO,18,0,sécheresse,mdg1,2024129-1029-53236
16,MO,19,0,sécheresse,mdg1,2024129-1029-53236
16,LY,20,78,sécheresse,mdg1,2024129-1029-53236
16,A1,21,65,sécheresse,mdg1,2024129-1029-53236
16,DY,22,0,sécheresse,mdg1,2024129-1029-53236
16,DP,23,0,sécheresse,mdg1,2024129-1029-53236
16,DC,24,0,sécheresse,mdg1,2024129-1029-53236
16,DH,25,0,sécheresse,mdg1,2024129-1029-53236
16,DO,26,0,sécheresse,mdg1,2024129-1029-53236
16,SG,27,0,sécheresse,mdg1,2024129-1029-53236
16,SR,28,0,sécheresse,mdg1,2024129-1029-53236
16,A2,29,0,sécheresse,mdg1,2024129-1029-53236
16,LO,30,0,sécheresse,mdg1,2024129-1029-53236
16,LP,31,0,sécheresse,mdg1,2024129-1029-53236
16,SH,32,0,sécheresse,mdg1,2024129-1029-53236
16,DR,33,0,sécheresse,mdg1,2024129-1029-53236
16,MG,34,0,sécheresse,mdg1,2024129-1029-53236
16,MP,35,0,sécheresse,mdg1,2024129-1029-53236
16,LR,36,0,sécheresse,mdg1,2024129-1029-53236
16,MC,37,0,sécheresse,mdg1,2024129-1029-53236
1,MG,1,25,amour,mdg1,2024129-123-8118
1,LH,2,30,amour,mdg1,2024129-123-8118
1,LP,3,58,amour,mdg1,2024129-123-8118
1,MR,4,69,amour,mdg1,2024129-123-8118
1,DG,5,35,amour,mdg1,2024129-123-8118
1,DH,6,35,amour,mdg1,2024129-123-8118
1,SY,7,72,amour,mdg1,2024129-123-8118
1,DY,8,46,amour,mdg1,2024129-123-8118
1,DO,9,43,amour,mdg1,2024129-123-8118
1,SG,10,20,amour,mdg1,2024129-123-8118
1,DC,11,25,amour,mdg1,2024129-123-8118
1,LO,12,85,amour,mdg1,2024129-123-8118
1,LG,13,71,amour,mdg1,2024129-123-8118
1,A2,14,58,amour,mdg1,2024129-123-8118
1,SC,15,89,amour,mdg1,2024129-123-8118
1,MH,16,39,amour,mdg1,2024129-123-8118
1,LC,17,64,amour,mdg1,2024129-123-8118
1,A3,18,63,amour,mdg1,2024129-123-8118
1,LR,19,89,amour,mdg1,2024129-123-8118
1,SO,20,38,amour,mdg1,2024129-123-8118
1,SP,21,93,amour,mdg1,2024129-123-8118
1,DB,22,38,amour,mdg1,2024129-123-8118
1,BK,23,0,amour,mdg1,2024129-123-8118
1,MP,24,92,amour,mdg1,2024129-123-8118
1,LB,25,69,amour,mdg1,2024129-123-8118
1,MY,26,72,amour,mdg1,2024129-123-8118
1,MB,27,53,amour,mdg1,2024129-123-8118
1,MO,28,58,amour,mdg1,2024129-123-8118
1,SH,29,40,amour,mdg1,2024129-123-8118
1,DR,30,33,amour,mdg1,2024129-123-8118
1,SB,31,53,amour,mdg1,2024129-123-8118
1,A1,32,58,amour,mdg1,2024129-123-8118
1,SR,33,61,amour,mdg1,2024129-123-8118
1,LY,34,91,amour,mdg1,2024129-123-8118
1,WH,35,100,amour,mdg1,2024129-123-8118
1,DP,36,46,amour,mdg1,2024129-123-8118
1,MC,37,58,amour,mdg1,2024129-123-8118
2,SC,1,33,justice,mdg1,2024129-123-8118
2,DH,2,65,justice,mdg1,2024129-123-8118
2,SP,3,27,justice,mdg1,2024129-123-8118
2,SH,4,43,justice,mdg1,2024129-123-8118
2,DP,5,22,justice,mdg1,2024129-123-8118
2,SB,6,65,justice,mdg1,2024129-123-8118
2,SR,7,100,justice,mdg1,2024129-123-8118
2,A1,8,38,justice,mdg1,2024129-123-8118
2,LH,9,100,justice,mdg1,2024129-123-8118
2,DY,10,25,justice,mdg1,2024129-123-8118
2,DO,11,32,justice,mdg1,2024129-123-8118
2,SY,12,37,justice,mdg1,2024129-123-8118
2,LG,13,30,justice,mdg1,2024129-123-8118
2,MP,14,26,justice,mdg1,2024129-123-8118
2,MY,15,50,justice,mdg1,2024129-123-8118
2,SG,16,70,justice,mdg1,2024129-123-8118
2,LO,17,93,justice,mdg1,2024129-123-8118
2,LR,18,71,justice,mdg1,2024129-123-8118
2,WH,19,100,justice,mdg1,2024129-123-8118
2,MC,20,53,justice,mdg1,2024129-123-8118
2,MO,21,19,justice,mdg1,2024129-123-8118
2,DG,22,27,justice,mdg1,2024129-123-8118
2,BK,23,4,justice,mdg1,2024129-123-8118
2,DR,24,37,justice,mdg1,2024129-123-8118
2,MG,25,45,justice,mdg1,2024129-123-8118
2,LB,26,82,justice,mdg1,2024129-123-8118
2,MB,27,29,justice,mdg1,2024129-123-8118
2,MR,28,72,justice,mdg1,2024129-123-8118
2,A2,29,70,justice,mdg1,2024129-123-8118
2,DB,30,7,justice,mdg1,2024129-123-8118
2,SO,31,17,justice,mdg1,2024129-123-8118
2,LP,32,23,justice,mdg1,2024129-123-8118
2,LC,33,31,justice,mdg1,2024129-123-8118
2,MH,34,72,justice,mdg1,2024129-123-8118
2,LY,35,86,justice,mdg1,2024129-123-8118
2,DC,36,9,justice,mdg1,2024129-123-8118
2,A3,37,91,justice,mdg1,2024129-123-8118
3,SG,1,61,triste,mdg1,2024129-123-8118
3,SY,2,0,triste,mdg1,2024129-123-8118
3,MH,3,55,triste,mdg1,2024129-123-8118
3,SO,4,33,triste,mdg1,2024129-123-8118
3,MG,5,61,triste,mdg1,2024129-123-8118
3,WH,6,66,triste,mdg1,2024129-123-8118
3,A1,7,77,triste,mdg1,2024129-123-8118
3,DG,8,28,triste,mdg1,2024129-123-8118
3,BK,9,91,triste,mdg1,2024129-123-8118
3,SB,10,32,triste,mdg1,2024129-123-8118
3,LG,11,18,triste,mdg1,2024129-123-8118
3,LC,12,35,triste,mdg1,2024129-123-8118
3,MB,13,33,triste,mdg1,2024129-123-8118
3,DB,14,35,triste,mdg1,2024129-123-8118
3,DY,15,45,triste,mdg1,2024129-123-8118
3,MO,16,55,triste,mdg1,2024129-123-8118
3,LO,17,60,triste,mdg1,2024129-123-8118
3,DR,18,61,triste,mdg1,2024129-123-8118
3,MY,19,40,triste,mdg1,2024129-123-8118
3,DP,20,78,triste,mdg1,2024129-123-8118
3,A2,21,48,triste,mdg1,2024129-123-8118
3,SR,22,2,triste,mdg1,2024129-123-8118
3,DC,23,37,triste,mdg1,2024129-123-8118
3,MR,24,44,triste,mdg1,2024129-123-8118
3,LB,25,9,triste,mdg1,2024129-123-8118
3,SH,26,26,triste,mdg1,2024129-123-8118
3,LP,27,73,triste,mdg1,2024129-123-8118
3,A3,28,41,triste,mdg1,2024129-123-8118
3,LR,29,33,triste,mdg1,2024129-123-8118
3,LY,30,11,triste,mdg1,2024129-123-8118
3,LH,31,38,triste,mdg1,2024129-123-8118
3,DO,32,65,triste,mdg1,2024129-123-8118
3,SP,33,52,triste,mdg1,2024129-123-8118
3,DH,34,47,triste,mdg1,2024129-123-8118
3,MC,35,32,triste,mdg1,2024129-123-8118
3,MP,36,63,triste,mdg1,2024129-123-8118
3,SC,37,20,triste,mdg1,2024129-123-8118
4,LY,1,7,foudre,mdg1,2024129-123-8118
4,BK,2,0,foudre,mdg1,2024129-123-8118
4,MR,3,0,foudre,mdg1,2024129-123-8118
4,SG,4,2,foudre,mdg1,2024129-123-8118
4,MP,5,1,foudre,mdg1,2024129-123-8118
4,MY,6,0,foudre,mdg1,2024129-123-8118
4,SR,7,1,foudre,mdg1,2024129-123-8118
4,MH,8,0,foudre,mdg1,2024129-123-8118
4,LP,9,1,foudre,mdg1,2024129-123-8118
4,LO,10,0,foudre,mdg1,2024129-123-8118
4,SH,11,3,foudre,mdg1,2024129-123-8118
4,SC,12,98,foudre,mdg1,2024129-123-8118
4,DG,13,9,foudre,mdg1,2024129-123-8118
4,DP,14,31,foudre,mdg1,2024129-123-8118
4,MC,15,79,foudre,mdg1,2024129-123-8118
4,SP,16,8,foudre,mdg1,2024129-123-8118
4,WH,17,99,foudre,mdg1,2024129-123-8118
4,DH,18,27,foudre,mdg1,2024129-123-8118
4,LR,19,43,foudre,mdg1,2024129-123-8118
4,A1,20,20,foudre,mdg1,2024129-123-8118
4,LG,21,52,foudre,mdg1,2024129-123-8118
4,MG,22,40,foudre,mdg1,2024129-123-8118
4,DC,23,61,foudre,mdg1,2024129-123-8118
4,SB,24,89,foudre,mdg1,2024129-123-8118
4,DR,25,46,foudre,mdg1,2024129-123-8118
4,A2,26,1,foudre,mdg1,2024129-123-8118
4,MO,27,2,foudre,mdg1,2024129-123-8118
4,A3,28,26,foudre,mdg1,2024129-123-8118
4,LH,29,26,foudre,mdg1,2024129-123-8118
4,DY,30,23,foudre,mdg1,2024129-123-8118
4,MB,31,56,foudre,mdg1,2024129-123-8118
4,LB,32,96,foudre,mdg1,2024129-123-8118
4,SY,33,34,foudre,mdg1,2024129-123-8118
4,DO,34,20,foudre,mdg1,2024129-123-8118
4,DB,35,1,foudre,mdg1,2024129-123-8118
4,LC,36,87,foudre,mdg1,2024129-123-8118
4,SO,37,64,foudre,mdg1,2024129-123-8118
5,DB,1,0,banane,mdg1,2024129-123-8118
5,LG,2,3,banane,mdg1,2024129-123-8118
5,SP,3,0,banane,mdg1,2024129-123-8118
5,SH,4,100,banane,mdg1,2024129-123-8118
5,LH,5,59,banane,mdg1,2024129-123-8118
5,MR,6,0,banane,mdg1,2024129-123-8118
5,MB,7,0,banane,mdg1,2024129-123-8118
5,SB,8,4,banane,mdg1,2024129-123-8118
5,DY,9,76,banane,mdg1,2024129-123-8118
5,MP,10,0,banane,mdg1,2024129-123-8118
5,LC,11,3,banane,mdg1,2024129-123-8118
5,BK,12,56,banane,mdg1,2024129-123-8118
5,LR,13,21,banane,mdg1,2024129-123-8118
5,LY,14,73,banane,mdg1,2024129-123-8118
5,A1,15,53,banane,mdg1,2024129-123-8118
5,SG,16,25,banane,mdg1,2024129-123-8118
5,DH,17,54,banane,mdg1,2024129-123-8118
5,MG,18,71,banane,mdg1,2024129-123-8118
5,A2,19,22,banane,mdg1,2024129-123-8118
5,MO,20,17,banane,mdg1,2024129-123-8118
5,MY,21,54,banane,mdg1,2024129-123-8118
5,A3,22,69,banane,mdg1,2024129-123-8118
5,SC,23,5,banane,mdg1,2024129-123-8118
5,DG,24,71,banane,mdg1,2024129-123-8118
5,DC,25,23,banane,mdg1,2024129-123-8118
5,MC,26,2,banane,mdg1,2024129-123-8118
5,MH,27,57,banane,mdg1,2024129-123-8118
5,SO,28,34,banane,mdg1,2024129-123-8118
5,LP,29,2,banane,mdg1,2024129-123-8118
5,DR,30,2,banane,mdg1,2024129-123-8118
5,SY,31,100,banane,mdg1,2024129-123-8118
5,LO,32,65,banane,mdg1,2024129-123-8118
5,DO,33,29,banane,mdg1,2024129-123-8118
5,LB,34,1,banane,mdg1,2024129-123-8118
5,SR,35,2,banane,mdg1,2024129-123-8118
5,WH,36,54,banane,mdg1,2024129-123-8118
5,DP,37,4,banane,mdg1,2024129-123-8118
6,DR,1,4,tempête de sable,mdg1,2024129-123-8118
6,DH,2,0,tempête de sable,mdg1,2024129-123-8118
6,SG,3,15,tempête de sable,mdg1,2024129-123-8118
6,DO,4,3,tempête de sable,mdg1,2024129-123-8118
6,BK,5,73,tempête de sable,mdg1,2024129-123-8118
6,DP,6,6,tempête de sable,mdg1,2024129-123-8118
6,WH,7,16,tempête de sable,mdg1,2024129-123-8118
6,A1,8,43,tempête de sable,mdg1,2024129-123-8118
6,MG,9,25,tempête de sable,mdg1,2024129-123-8118
6,SB,10,4,tempête de sable,mdg1,2024129-123-8118
6,MB,11,8,tempête de sable,mdg1,2024129-123-8118
6,LG,12,15,tempête de sable,mdg1,2024129-123-8118
6,MR,13,56,tempête de sable,mdg1,2024129-123-8118
6,A2,14,68,tempête de sable,mdg1,2024129-123-8118
6,MP,15,23,tempête de sable,mdg1,2024129-123-8118
6,A3,16,34,tempête de sable,mdg1,2024129-123-8118
6,LH,17,58,tempête de sable,mdg1,2024129-123-8118
6,SR,18,4,tempête de sable,mdg1,2024129-123-8118
6,MC,19,8,tempête de sable,mdg1,2024129-123-8118
6,DB,20,8,tempête de sable,mdg1,2024129-123-8118
6,DC,21,8,tempête de sable,mdg1,2024129-123-8118
6,LP,22,8,tempête de sable,mdg1,2024129-123-8118
6,LC,23,8,tempête de sable,mdg1,2024129-123-8118
6,LB,24,8,tempête de sable,mdg1,2024129-123-8118
6,DG,25,8,tempête de sable,mdg1,2024129-123-8118
6,SH,26,8,tempête de sable,mdg1,2024129-123-8118
6,DY,27,59,tempête de sable,mdg1,2024129-123-8118
6,SY,28,0,tempête de sable,mdg1,2024129-123-8118
6,LY,29,85,tempête de sable,mdg1,2024129-123-8118
6,MO,30,99,tempête de sable,mdg1,2024129-123-8118
6,MY,31,99,tempête de sable,mdg1,2024129-123-8118
6,SO,32,58,tempête de sable,mdg1,2024129-123-8118
6,SC,33,0,tempête de sable,mdg1,2024129-123-8118
6,MH,34,5,tempête de sable,mdg1,2024129-123-8118
6,SP,35,13,tempête de sable,mdg1,2024129-123-8118
6,LO,36,88,tempête de sable,mdg1,2024129-123-8118
6,LR,37,64,tempête de sable,mdg1,2024129-123-8118
7,LG,1,11,pêche,mdg1,2024129-123-8118
7,LY,2,18,pêche,mdg1,2024129-123-8118
7,MR,3,13,pêche,mdg1,2024129-123-8118
7,MC,4,13,pêche,mdg1,2024129-123-8118
7,SC,5,13,pêche,mdg1,2024129-123-8118
7,SH,6,13,pêche,mdg1,2024129-123-8118
7,DO,7,21,pêche,mdg1,2024129-123-8118
7,MO,8,21,pêche,mdg1,2024129-123-8118
7,LH,9,22,pêche,mdg1,2024129-123-8118
7,SR,10,22,pêche,mdg1,2024129-123-8118
7,LP,11,22,pêche,mdg1,2024129-123-8118
7,SO,12,22,pêche,mdg1,2024129-123-8118
7,DC,13,22,pêche,mdg1,2024129-123-8118
7,A2,14,67,pêche,mdg1,2024129-123-8118
7,BK,15,100,pêche,mdg1,2024129-123-8118
7,SB,16,100,pêche,mdg1,2024129-123-8118
7,MH,17,65,pêche,mdg1,2024129-123-8118
7,SG,18,41,pêche,mdg1,2024129-123-8118
7,A1,19,86,pêche,mdg1,2024129-123-8118
7,SP,20,20,pêche,mdg1,2024129-123-8118
7,DY,21,1,pêche,mdg1,2024129-123-8118
7,MP,22,1,pêche,mdg1,2024129-123-8118
7,LO,23,1,pêche,mdg1,2024129-123-8118
7,DB,24,75,pêche,mdg1,2024129-123-8118
7,WH,25,100,pêche,mdg1,2024129-123-8118
7,LB,26,99,pêche,mdg1,2024129-123-8118
7,DP,27,7,pêche,mdg1,2024129-123-8118
7,DR,28,1,pêche,mdg1,2024129-123-8118
7,DH,29,1,pêche,mdg1,2024129-123-8118
7,MY,30,1,pêche,mdg1,2024129-123-8118
7,A3,31,1,pêche,mdg1,2024129-123-8118
7,SY,32,1,pêche,mdg1,2024129-123-8118
7,DG,33,1,pêche,mdg1,2024129-123-8118
7,MB,34,80,pêche,mdg1,2024129-123-8118
7,LR,35,5,pêche,mdg1,2024129-123-8118
7,MG,36,5,pêche,mdg1,2024129-123-8118
7,LC,37,93,pêche,mdg1,2024129-123-8118
8,DO,1,0,sécurité,mdg1,2024129-123-8118
8,SP,2,21,sécurité,mdg1,2024129-123-8118
8,DB,3,84,sécurité,mdg1,2024129-123-8118
8,MP,4,29,sécurité,mdg1,2024129-123-8118
8,SR,5,6,sécurité,mdg1,2024129-123-8118
8,LO,6,75,sécurité,mdg1,2024129-123-8118
8,LP,7,26,sécurité,mdg1,2024129-123-8118
8,DR,8,26,sécurité,mdg1,2024129-123-8118
8,WH,9,100,sécurité,mdg1,2024129-123-8118
8,MG,10,37,sécurité,mdg1,2024129-123-8118
8,MO,11,34,sécurité,mdg1,2024129-123-8118
8,BK,12,2,sécurité,mdg1,2024129-123-8118
8,MR,13,2,sécurité,mdg1,2024129-123-8118
8,LH,14,24,sécurité,mdg1,2024129-123-8118
8,DH,15,24,sécurité,mdg1,2024129-123-8118
8,SO,16,24,sécurité,mdg1,2024129-123-8118
8,MC,17,87,sécurité,mdg1,2024129-123-8118
8,DC,18,87,sécurité,mdg1,2024129-123-8118
8,SC,19,87,sécurité,mdg1,2024129-123-8118
8,A1,20,0,sécurité,mdg1,2024129-123-8118
8,SB,21,91,sécurité,mdg1,2024129-123-8118
8,SG,22,23,sécurité,mdg1,2024129-123-8118
8,LY,23,23,sécurité,mdg1,2024129-123-8118
8,LR,24,23,sécurité,mdg1,2024129-123-8118
8,DP,25,23,sécurité,mdg1,2024129-123-8118
8,A3,26,100,sécurité,mdg1,2024129-123-8118
8,DY,27,25,sécurité,mdg1,2024129-123-8118
8,LG,28,21,sécurité,mdg1,2024129-123-8118
8,MB,29,76,sécurité,mdg1,2024129-123-8118
8,MH,30,26,sécurité,mdg1,2024129-123-8118
8,LB,31,85,sécurité,mdg1,2024129-123-8118
8,SY,32,24,sécurité,mdg1,2024129-123-8118
8,MY,33,23,sécurité,mdg1,2024129-123-8118
8,A2,34,33,sécurité,mdg1,2024129-123-8118
8,SH,35,31,sécurité,mdg1,2024129-123-8118
8,DG,36,28,sécurité,mdg1,2024129-123-8118
8,LC,37,81,sécurité,mdg1,2024129-123-8118
9,MO,1,100,confort,mdg1,2024129-123-8118
9,DB,2,99,confort,mdg1,2024129-123-8118
9,SB,3,63,confort,mdg1,2024129-123-8118
9,DC,4,31,confort,mdg1,2024129-123-8118
9,DP,5,23,confort,mdg1,2024129-123-8118
9,LR,6,98,confort,mdg1,2024129-123-8118
9,LB,7,100,confort,mdg1,2024129-123-8118
9,LY,8,61,confort,mdg1,2024129-123-8118
9,LP,9,22,confort,mdg1,2024129-123-8118
9,MH,10,22,confort,mdg1,2024129-123-8118
9,MY,11,22,confort,mdg1,2024129-123-8118
9,A1,12,1,confort,mdg1,2024129-123-8118
9,DR,13,1,confort,mdg1,2024129-123-8118
9,LC,14,1,confort,mdg1,2024129-123-8118
9,LG,15,1,confort,mdg1,2024129-123-8118
9,MC,16,24,confort,mdg1,2024129-123-8118
9,BK,17,3,confort,mdg1,2024129-123-8118
9,SO,18,22,confort,mdg1,2024129-123-8118
9,SR,19,20,confort,mdg1,2024129-123-8118
9,DH,20,28,confort,mdg1,2024129-123-8118
9,SY,21,40,confort,mdg1,2024129-123-8118
9,SC,22,67,confort,mdg1,2024129-123-8118
9,A3,23,100,confort,mdg1,2024129-123-8118
9,SH,24,60,confort,mdg1,2024129-123-8118
9,WH,25,62,confort,mdg1,2024129-123-8118
9,LO,26,77,confort,mdg1,2024129-123-8118
9,DO,27,16,confort,mdg1,2024129-123-8118
9,LH,28,26,confort,mdg1,2024129-123-8118
9,SP,29,31,confort,mdg1,2024129-123-8118
9,DG,30,0,confort,mdg1,2024129-123-8118
9,A2,31,62,confort,mdg1,2024129-123-8118
9,MP,32,53,confort,mdg1,2024129-123-8118
9,SG,33,19,confort,mdg1,2024129-123-8118
9,MR,34,15,confort,mdg1,2024129-123-8118
9,DY,35,15,confort,mdg1,2024129-123-8118
9,MG,36,66,confort,mdg1,2024129-123-8118
9,MB,37,61,confort,mdg1,2024129-123-8118
10,LP,1,77,heureux,mdg1,2024129-123-8118
10,SO,2,96,heureux,mdg1,2024129-123-8118
10,DC,3,20,heureux,mdg1,2024129-123-8118
10,LO,4,75,heureux,mdg1,2024129-123-8118
10,DP,5,12,heureux,mdg1,2024129-123-8118
10,DB,6,28,heureux,mdg1,2024129-123-8118
10,SR,7,62,heureux,mdg1,2024129-123-8118
10,MY,8,88,heureux,mdg1,2024129-123-8118
10,DH,9,41,heureux,mdg1,2024129-123-8118
10,SY,10,96,heureux,mdg1,2024129-123-8118
10,SP,11,34,heureux,mdg1,2024129-123-8118
10,MB,12,32,heureux,mdg1,2024129-123-8118
10,LR,13,61,heureux,mdg1,2024129-123-8118
10,LY,14,59,heureux,mdg1,2024129-123-8118
10,A2,15,31,heureux,mdg1,2024129-123-8118
10,BK,16,1,heureux,mdg1,2024129-123-8118
10,MH,17,26,heureux,mdg1,2024129-123-8118
10,DR,18,41,heureux,mdg1,2024129-123-8118
10,DY,19,38,heureux,mdg1,2024129-123-8118
10,LB,20,66,heureux,mdg1,2024129-123-8118
10,SH,21,58,heureux,mdg1,2024129-123-8118
10,DG,22,23,heureux,mdg1,2024129-123-8118
10,SG,23,17,heureux,mdg1,2024129-123-8118
10,MC,24,64,heureux,mdg1,2024129-123-8118
10,WH,25,79,heureux,mdg1,2024129-123-8118
10,A1,26,34,heureux,mdg1,2024129-123-8118
10,LH,27,60,heureux,mdg1,2024129-123-8118
10,SB,28,15,heureux,mdg1,2024129-123-8118
10,MG,29,19,heureux,mdg1,2024129-123-8118
10,A3,30,46,heureux,mdg1,2024129-123-8118
10,DO,31,30,heureux,mdg1,2024129-123-8118
10,LC,32,22,heureux,mdg1,2024129-123-8118
10,MR,33,28,heureux,mdg1,2024129-123-8118
10,SC,34,14,heureux,mdg1,2024129-123-8118
10,MO,35,20,heureux,mdg1,2024129-123-8118
10,LG,36,30,heureux,mdg1,2024129-123-8118
10,MP,37,35,heureux,mdg1,2024129-123-8118
11,A2,1,73,ouragan,mdg1,2024129-123-8118
11,LR,2,60,ouragan,mdg1,2024129-123-8118
11,DB,3,79,ouragan,mdg1,2024129-123-8118
11,LC,4,91,ouragan,mdg1,2024129-123-8118
11,A3,5,72,ouragan,mdg1,2024129-123-8118
11,SG,6,34,ouragan,mdg1,2024129-123-8118
11,LP,7,27,ouragan,mdg1,2024129-123-8118
11,DY,8,64,ouragan,mdg1,2024129-123-8118
11,SH,9,34,ouragan,mdg1,2024129-123-8118
11,SB,10,33,ouragan,mdg1,2024129-123-8118
11,SO,11,32,ouragan,mdg1,2024129-123-8118
11,MH,12,20,ouragan,mdg1,2024129-123-8118
11,LH,13,8,ouragan,mdg1,2024129-123-8118
11,DO,14,18,ouragan,mdg1,2024129-123-8118
11,SC,15,67,ouragan,mdg1,2024129-123-8118
11,DG,16,38,ouragan,mdg1,2024129-123-8118
11,MY,17,42,ouragan,mdg1,2024129-123-8118
11,MR,18,33,ouragan,mdg1,2024129-123-8118
11,LO,19,65,ouragan,mdg1,2024129-123-8118
11,MC,20,96,ouragan,mdg1,2024129-123-8118
11,LY,21,56,ouragan,mdg1,2024129-123-8118
11,MG,22,29,ouragan,mdg1,2024129-123-8118
11,DR,23,30,ouragan,mdg1,2024129-123-8118
11,MO,24,30,ouragan,mdg1,2024129-123-8118
11,DH,25,70,ouragan,mdg1,2024129-123-8118
11,MB,26,90,ouragan,mdg1,2024129-123-8118
11,MP,27,34,ouragan,mdg1,2024129-123-8118
11,SR,28,0,ouragan,mdg1,2024129-123-8118
11,DC,29,18,ouragan,mdg1,2024129-123-8118
11,BK,30,100,ouragan,mdg1,2024129-123-8118
11,WH,31,73,ouragan,mdg1,2024129-123-8118
11,SY,32,36,ouragan,mdg1,2024129-123-8118
11,LB,33,74,ouragan,mdg1,2024129-123-8118
11,DP,34,24,ouragan,mdg1,2024129-123-8118
11,A1,35,75,ouragan,mdg1,2024129-123-8118
11,SP,36,16,ouragan,mdg1,2024129-123-8118
11,LG,37,29,ouragan,mdg1,2024129-123-8118
12,LR,1,78,paix,mdg1,2024129-123-8118
12,DH,2,30,paix,mdg1,2024129-123-8118
12,LO,3,66,paix,mdg1,2024129-123-8118
12,LG,4,39,paix,mdg1,2024129-123-8118
12,LB,5,66,paix,mdg1,2024129-123-8118
12,A2,6,83,paix,mdg1,2024129-123-8118
12,MB,7,83,paix,mdg1,2024129-123-8118
12,DG,8,24,paix,mdg1,2024129-123-8118
12,MP,9,64,paix,mdg1,2024129-123-8118
12,WH,10,100,paix,mdg1,2024129-123-8118
12,DY,11,16,paix,mdg1,2024129-123-8118
12,LY,12,23,paix,mdg1,2024129-123-8118
12,SP,13,31,paix,mdg1,2024129-123-8118
12,MC,14,40,paix,mdg1,2024129-123-8118
12,DB,15,12,paix,mdg1,2024129-123-8118
12,SH,16,3,paix,mdg1,2024129-123-8118
12,MH,17,16,paix,mdg1,2024129-123-8118
12,LP,18,27,paix,mdg1,2024129-123-8118
12,SG,19,36,paix,mdg1,2024129-123-8118
12,MY,20,22,paix,mdg1,2024129-123-8118
12,SY,21,89,paix,mdg1,2024129-123-8118
12,MR,22,37,paix,mdg1,2024129-123-8118
12,SB,23,32,paix,mdg1,2024129-123-8118
12,A1,24,14,paix,mdg1,2024129-123-8118
12,BK,25,1,paix,mdg1,2024129-123-8118
12,A3,26,100,paix,mdg1,2024129-123-8118
12,MG,27,21,paix,mdg1,2024129-123-8118
12,MO,28,28,paix,mdg1,2024129-123-8118
12,DO,29,9,paix,mdg1,2024129-123-8118
12,LH,30,2,paix,mdg1,2024129-123-8118
12,DR,31,26,paix,mdg1,2024129-123-8118
12,DP,32,16,paix,mdg1,2024129-123-8118
12,SR,33,16,paix,mdg1,2024129-123-8118
12,LC,34,16,paix,mdg1,2024129-123-8118
12,SC,35,16,paix,mdg1,2024129-123-8118
12,SO,36,100,paix,mdg1,2024129-123-8118
12,DC,37,28,paix,mdg1,2024129-123-8118
13,A1,1,100,en colère,mdg1,2024129-123-8118
13,SB,2,37,en colère,mdg1,2024129-123-8118
13,LP,3,28,en colère,mdg1,2024129-123-8118
13,SC,4,28,en colère,mdg1,2024129-123-8118
13,MO,5,71,en colère,mdg1,2024129-123-8118
13,LH,6,66,en colère,mdg1,2024129-123-8118
13,LR,7,82,en colère,mdg1,2024129-123-8118
13,A2,8,64,en colère,mdg1,2024129-123-8118
13,SG,9,19,en colère,mdg1,2024129-123-8118
13,LB,10,24,en colère,mdg1,2024129-123-8118
13,SY,11,27,en colère,mdg1,2024129-123-8118
13,SO,12,74,en colère,mdg1,2024129-123-8118
13,MY,13,60,en colère,mdg1,2024129-123-8118
13,DB,14,30,en colère,mdg1,2024129-123-8118
13,LO,15,68,en colère,mdg1,2024129-123-8118
13,MH,16,30,en colère,mdg1,2024129-123-8118
13,DO,17,68,en colère,mdg1,2024129-123-8118
13,MB,18,33,en colère,mdg1,2024129-123-8118
13,SP,19,34,en colère,mdg1,2024129-123-8118
13,LC,20,1,en colère,mdg1,2024129-123-8118
13,DR,21,98,en colère,mdg1,2024129-123-8118
13,LY,22,22,en colère,mdg1,2024129-123-8118
13,MG,23,1,en colère,mdg1,2024129-123-8118
13,MC,24,7,en colère,mdg1,2024129-123-8118
13,DG,25,15,en colère,mdg1,2024129-123-8118
13,MP,26,28,en colère,mdg1,2024129-123-8118
13,LG,27,1,en colère,mdg1,2024129-123-8118
13,MR,28,9,en colère,mdg1,2024129-123-8118
13,SH,29,20,en colère,mdg1,2024129-123-8118
13,DY,30,29,en colère,mdg1,2024129-123-8118
13,BK,31,99,en colère,mdg1,2024129-123-8118
13,SR,32,99,en colère,mdg1,2024129-123-8118
13,DH,33,36,en colère,mdg1,2024129-123-8118
13,A3,34,1,en colère,mdg1,2024129-123-8118
13,DC,35,9,en colère,mdg1,2024129-123-8118
13,WH,36,98,en colère,mdg1,2024129-123-8118
13,DP,37,23,en colère,mdg1,2024129-123-8118
14,BK,1,94,sécheresse,mdg1,2024129-123-8118
14,SC,2,0,sécheresse,mdg1,2024129-123-8118
14,MB,3,9,sécheresse,mdg1,2024129-123-8118
14,LB,4,15,sécheresse,mdg1,2024129-123-8118
14,MH,5,65,sécheresse,mdg1,2024129-123-8118
14,DC,6,22,sécheresse,mdg1,2024129-123-8118
14,A3,7,0,sécheresse,mdg1,2024129-123-8118
14,MY,8,68,sécheresse,mdg1,2024129-123-8118
14,DH,9,62,sécheresse,mdg1,2024129-123-8118
14,SH,10,43,sécheresse,mdg1,2024129-123-8118
14,DB,11,20,sécheresse,mdg1,2024129-123-8118
14,DY,12,84,sécheresse,mdg1,2024129-123-8118
14,SY,13,58,sécheresse,mdg1,2024129-123-8118
14,LH,14,68,sécheresse,mdg1,2024129-123-8118
14,A2,15,14,sécheresse,mdg1,2024129-123-8118
14,DP,16,2,sécheresse,mdg1,2024129-123-8118
14,LO,17,89,sécheresse,mdg1,2024129-123-8118
14,SO,18,72,sécheresse,mdg1,2024129-123-8118
14,LR,19,61,sécheresse,mdg1,2024129-123-8118
14,A1,20,6,sécheresse,mdg1,2024129-123-8118
14,DO,21,75,sécheresse,mdg1,2024129-123-8118
14,SR,22,19,sécheresse,mdg1,2024129-123-8118
14,MR,23,58,sécheresse,mdg1,2024129-123-8118
14,LC,24,12,sécheresse,mdg1,2024129-123-8118
14,LP,25,27,sécheresse,mdg1,2024129-123-8118
14,DG,26,1,sécheresse,mdg1,2024129-123-8118
14,SB,27,2,sécheresse,mdg1,2024129-123-8118
14,MO,28,70,sécheresse,mdg1,2024129-123-8118
14,LG,29,34,sécheresse,mdg1,2024129-123-8118
14,SG,30,10,sécheresse,mdg1,2024129-123-8118
14,SP,31,2,sécheresse,mdg1,2024129-123-8118
14,WH,32,0,sécheresse,mdg1,2024129-123-8118
14,MC,33,4,sécheresse,mdg1,2024129-123-8118
14,MG,34,12,sécheresse,mdg1,2024129-123-8118
14,MP,35,19,sécheresse,mdg1,2024129-123-8118
14,DR,36,56,sécheresse,mdg1,2024129-123-8118
14,LY,37,56,sécheresse,mdg1,2024129-123-8118
15,SG,1,72,carotte,mdg1,2024129-123-8118
15,LC,2,23,carotte,mdg1,2024129-123-8118
15,SO,3,99,carotte,mdg1,2024129-123-8118
15,DH,4,65,carotte,mdg1,2024129-123-8118
15,MB,5,1,carotte,mdg1,2024129-123-8118
15,SR,6,2,carotte,mdg1,2024129-123-8118
15,A1,7,1,carotte,mdg1,2024129-123-8118
15,SB,8,1,carotte,mdg1,2024129-123-8118
15,SH,9,1,carotte,mdg1,2024129-123-8118
15,WH,10,1,carotte,mdg1,2024129-123-8118
15,A2,11,1,carotte,mdg1,2024129-123-8118
15,LR,12,62,carotte,mdg1,2024129-123-8118
15,SP,13,1,carotte,mdg1,2024129-123-8118
15,MG,14,1,carotte,mdg1,2024129-123-8118
15,LH,15,1,carotte,mdg1,2024129-123-8118
15,DO,16,61,carotte,mdg1,2024129-123-8118
15,A3,17,0,carotte,mdg1,2024129-123-8118
15,SC,18,0,carotte,mdg1,2024129-123-8118
15,DR,19,0,carotte,mdg1,2024129-123-8118
15,LY,20,61,carotte,mdg1,2024129-123-8118
15,DC,21,1,carotte,mdg1,2024129-123-8118
15,MH,22,1,carotte,mdg1,2024129-123-8118
15,LB,23,1,carotte,mdg1,2024129-123-8118
15,DY,24,1,carotte,mdg1,2024129-123-8118
15,DB,25,1,carotte,mdg1,2024129-123-8118
15,MC,26,1,carotte,mdg1,2024129-123-8118
15,BK,27,1,carotte,mdg1,2024129-123-8118
15,MY,28,61,carotte,mdg1,2024129-123-8118
15,MP,29,4,carotte,mdg1,2024129-123-8118
15,MO,30,82,carotte,mdg1,2024129-123-8118
15,DP,31,1,carotte,mdg1,2024129-123-8118
15,DG,32,1,carotte,mdg1,2024129-123-8118
15,LO,33,81,carotte,mdg1,2024129-123-8118
15,LP,34,0,carotte,mdg1,2024129-123-8118
15,SY,35,63,carotte,mdg1,2024129-123-8118
15,LG,36,1,carotte,mdg1,2024129-123-8118
15,MR,37,1,carotte,mdg1,2024129-123-8118
16,MH,1,83,mangue,mdg1,2024129-123-8118
16,MP,2,8,mangue,mdg1,2024129-123-8118
16,A1,3,1,mangue,mdg1,2024129-123-8118
16,BK,4,1,mangue,mdg1,2024129-123-8118
16,DY,5,67,mangue,mdg1,2024129-123-8118
16,MC,6,1,mangue,mdg1,2024129-123-8118
16,LC,7,1,mangue,mdg1,2024129-123-8118
16,MY,8,0,mangue,mdg1,2024129-123-8118
16,DR,9,2,mangue,mdg1,2024129-123-8118
16,SH,10,84,mangue,mdg1,2024129-123-8118
16,MG,11,75,mangue,mdg1,2024129-123-8118
16,SP,12,2,mangue,mdg1,2024129-123-8118
16,WH,13,2,mangue,mdg1,2024129-123-8118
16,LH,14,64,mangue,mdg1,2024129-123-8118
16,MO,15,0,mangue,mdg1,2024129-123-8118
16,SO,16,71,mangue,mdg1,2024129-123-8118
16,SB,17,2,mangue,mdg1,2024129-123-8118
16,SR,18,2,mangue,mdg1,2024129-123-8118
16,SY,19,76,mangue,mdg1,2024129-123-8118
16,SC,20,1,mangue,mdg1,2024129-123-8118
16,SG,21,55,mangue,mdg1,2024129-123-8118
16,A3,22,2,mangue,mdg1,2024129-123-8118
16,DH,23,68,mangue,mdg1,2024129-123-8118
16,DC,24,1,mangue,mdg1,2024129-123-8118
16,DG,25,64,mangue,mdg1,2024129-123-8118
16,A2,26,2,mangue,mdg1,2024129-123-8118
16,DP,27,2,mangue,mdg1,2024129-123-8118
16,MB,28,2,mangue,mdg1,2024129-123-8118
16,LP,29,2,mangue,mdg1,2024129-123-8118
16,LO,30,78,mangue,mdg1,2024129-123-8118
16,DB,31,1,mangue,mdg1,2024129-123-8118
16,LY,32,72,mangue,mdg1,2024129-123-8118
16,LB,33,72,mangue,mdg1,2024129-123-8118
16,DO,34,54,mangue,mdg1,2024129-123-8118
16,MR,35,80,mangue,mdg1,2024129-123-8118
16,LR,36,67,mangue,mdg1,2024129-123-8118
16,LG,37,74,mangue,mdg1,2024129-123-8118
1,DR,1,0,triste,mdg1,2024129-1923-50678
1,A2,2,0,triste,mdg1,2024129-1923-50678
1,LH,3,11,triste,mdg1,2024129-1923-50678
1,DC,4,55,triste,mdg1,2024129-1923-50678
1,A3,5,0,triste,mdg1,2024129-1923-50678
1,MB,6,61,triste,mdg1,2024129-1923-50678
1,MP,7,64,triste,mdg1,2024129-1923-50678
1,MC,8,0,triste,mdg1,2024129-1923-50678
1,DY,9,0,triste,mdg1,2024129-1923-50678
1,MR,10,0,triste,mdg1,2024129-1923-50678
1,DG,11,0,triste,mdg1,2024129-1923-50678
1,BK,12,100,triste,mdg1,2024129-1923-50678
1,LB,13,0,triste,mdg1,2024129-1923-50678
1,MG,14,0,triste,mdg1,2024129-1923-50678
1,SH,15,0,triste,mdg1,2024129-1923-50678
1,DP,16,65,triste,mdg1,2024129-1923-50678
1,LC,17,0,triste,mdg1,2024129-1923-50678
1,SP,18,57,triste,mdg1,2024129-1923-50678
1,LP,19,38,triste,mdg1,2024129-1923-50678
1,SG,20,0,triste,mdg1,2024129-1923-50678
1,DO,21,0,triste,mdg1,2024129-1923-50678
1,WH,22,0,triste,mdg1,2024129-1923-50678
1,SB,23,0,triste,mdg1,2024129-1923-50678
1,LR,24,0,triste,mdg1,2024129-1923-50678
1,SO,25,0,triste,mdg1,2024129-1923-50678
1,SC,26,0,triste,mdg1,2024129-1923-50678
1,LG,27,0,triste,mdg1,2024129-1923-50678
1,MO,28,25,triste,mdg1,2024129-1923-50678
1,MY,29,0,triste,mdg1,2024129-1923-50678
1,DB,30,0,triste,mdg1,2024129-1923-50678
1,SR,31,0,triste,mdg1,2024129-1923-50678
1,DH,32,0,triste,mdg1,2024129-1923-50678
1,LO,33,0,triste,mdg1,2024129-1923-50678
1,SY,34,0,triste,mdg1,2024129-1923-50678
1,A1,35,89,triste,mdg1,2024129-1923-50678
1,LY,36,0,triste,mdg1,2024129-1923-50678
1,MH,37,0,triste,mdg1,2024129-1923-50678
2,LO,1,50,heureux,mdg1,2024129-1923-50678
2,SR,2,0,heureux,mdg1,2024129-1923-50678
2,A1,3,0,heureux,mdg1,2024129-1923-50678
2,MP,4,8,heureux,mdg1,2024129-1923-50678
2,SO,5,54,heureux,mdg1,2024129-1923-50678
2,LY,6,74,heureux,mdg1,2024129-1923-50678
2,DG,7,0,heureux,mdg1,2024129-1923-50678
2,SB,8,0,heureux,mdg1,2024129-1923-50678
2,LC,9,55,heureux,mdg1,2024129-1923-50678
2,SP,10,0,heureux,mdg1,2024129-1923-50678
2,MG,11,9,heureux,mdg1,2024129-1923-50678
2,A2,12,0,heureux,mdg1,2024129-1923-50678
2,MO,13,0,heureux,mdg1,2024129-1923-50678
2,SH,14,20,heureux,mdg1,2024129-1923-50678
2,WH,15,0,heureux,mdg1,2024129-1923-50678
2,MY,16,0,heureux,mdg1,2024129-1923-50678
2,SC,17,0,heureux,mdg1,2024129-1923-50678
2,SG,18,0,heureux,mdg1,2024129-1923-50678
2,LH,19,61,heureux,mdg1,2024129-1923-50678
2,LG,20,38,heureux,mdg1,2024129-1923-50678
2,MR,21,0,heureux,mdg1,2024129-1923-50678
2,DR,22,0,heureux,mdg1,2024129-1923-50678
2,LR,23,0,heureux,mdg1,2024129-1923-50678
2,DP,24,1,heureux,mdg1,2024129-1923-50678
2,MC,25,0,heureux,mdg1,2024129-1923-50678
2,BK,26,0,heureux,mdg1,2024129-1923-50678
2,DO,27,0,heureux,mdg1,2024129-1923-50678
2,LB,28,0,heureux,mdg1,2024129-1923-50678
2,MB,29,0,heureux,mdg1,2024129-1923-50678
2,A3,30,0,heureux,mdg1,2024129-1923-50678
2,SY,31,100,heureux,mdg1,2024129-1923-50678
2,DY,32,32,heureux,mdg1,2024129-1923-50678
2,DB,33,0,heureux,mdg1,2024129-1923-50678
2,DC,34,0,heureux,mdg1,2024129-1923-50678
2,LP,35,0,heureux,mdg1,2024129-1923-50678
2,DH,36,0,heureux,mdg1,2024129-1923-50678
2,MH,37,0,heureux,mdg1,2024129-1923-50678
3,MH,1,16,amour,mdg1,2024129-1923-50678
3,DO,2,0,amour,mdg1,2024129-1923-50678
3,LC,3,0,amour,mdg1,2024129-1923-50678
3,LR,4,55,amour,mdg1,2024129-1923-50678
3,SC,5,0,amour,mdg1,2024129-1923-50678
3,MP,6,0,amour,mdg1,2024129-1923-50678
3,LY,7,37,amour,mdg1,2024129-1923-50678
3,LP,8,0,amour,mdg1,2024129-1923-50678
3,MG,9,0,amour,mdg1,2024129-1923-50678
3,A2,10,0,amour,mdg1,2024129-1923-50678
3,BK,11,0,amour,mdg1,2024129-1923-50678
3,DP,12,0,amour,mdg1,2024129-1923-50678
3,SO,13,55,amour,mdg1,2024129-1923-50678
3,LH,14,0,amour,mdg1,2024129-1923-50678
3,A1,15,0,amour,mdg1,2024129-1923-50678
3,A3,16,0,amour,mdg1,2024129-1923-50678
3,DY,17,0,amour,mdg1,2024129-1923-50678
3,MB,18,0,amour,mdg1,2024129-1923-50678
3,LG,19,0,amour,mdg1,2024129-1923-50678
3,DC,20,0,amour,mdg1,2024129-1923-50678
3,DH,21,0,amour,mdg1,2024129-1923-50678
3,MY,22,0,amour,mdg1,2024129-1923-50678
3,MO,23,45,amour,mdg1,2024129-1923-50678
3,DG,24,0,amour,mdg1,2024129-1923-50678
3,LO,25,0,amour,mdg1,2024129-1923-50678
3,DB,26,0,amour,mdg1,2024129-1923-50678
3,SB,27,0,amour,mdg1,2024129-1923-50678
3,LB,28,0,amour,mdg1,2024129-1923-50678
3,MC,29,0,amour,mdg1,2024129-1923-50678
3,WH,30,50,amour,mdg1,2024129-1923-50678
3,SY,31,72,amour,mdg1,2024129-1923-50678
3,SR,32,100,amour,mdg1,2024129-1923-50678
3,DR,33,62,amour,mdg1,2024129-1923-50678
3,SP,34,41,amour,mdg1,2024129-1923-50678
3,SH,35,54,amour,mdg1,2024129-1923-50678
3,SG,36,0,amour,mdg1,2024129-1923-50678
3,MR,37,31,amour,mdg1,2024129-1923-50678
4,A1,1,100,confort,mdg1,2024129-1923-50678
4,LP,2,100,confort,mdg1,2024129-1923-50678
4,A3,3,84,confort,mdg1,2024129-1923-50678
4,MH,4,68,confort,mdg1,2024129-1923-50678
4,DC,5,0,confort,mdg1,2024129-1923-50678
4,SB,6,66,confort,mdg1,2024129-1923-50678
4,LG,7,60,confort,mdg1,2024129-1923-50678
4,LY,8,71,confort,mdg1,2024129-1923-50678
4,MO,9,0,confort,mdg1,2024129-1923-50678
4,LR,10,0,confort,mdg1,2024129-1923-50678
4,DG,11,0,confort,mdg1,2024129-1923-50678
4,BK,12,0,confort,mdg1,2024129-1923-50678
4,LB,13,1,confort,mdg1,2024129-1923-50678
4,DP,14,0,confort,mdg1,2024129-1923-50678
4,WH,15,91,confort,mdg1,2024129-1923-50678
4,DO,16,0,confort,mdg1,2024129-1923-50678
4,MC,17,57,confort,mdg1,2024129-1923-50678
4,SP,18,0,confort,mdg1,2024129-1923-50678
4,MB,19,7,confort,mdg1,2024129-1923-50678
4,SC,20,0,confort,mdg1,2024129-1923-50678
4,SH,21,0,confort,mdg1,2024129-1923-50678
4,SY,22,0,confort,mdg1,2024129-1923-50678
4,SR,23,0,confort,mdg1,2024129-1923-50678
4,A2,24,61,confort,mdg1,2024129-1923-50678
4,DB,25,0,confort,mdg1,2024129-1923-50678
4,LH,26,66,confort,mdg1,2024129-1923-50678
4,SO,27,0,confort,mdg1,2024129-1923-50678
4,DR,28,0,confort,mdg1,2024129-1923-50678
4,DY,29,0,confort,mdg1,2024129-1923-50678
4,MY,30,0,confort,mdg1,2024129-1923-50678
4,MG,31,56,confort,mdg1,2024129-1923-50678
4,DH,32,0,confort,mdg1,2024129-1923-50678
4,MP,33,45,confort,mdg1,2024129-1923-50678
4,LC,34,0,confort,mdg1,2024129-1923-50678
4,MR,35,0,confort,mdg1,2024129-1923-50678
4,SG,36,28,confort,mdg1,2024129-1923-50678
4,LO,37,0,confort,mdg1,2024129-1923-50678
5,LO,1,0,foudre,mdg1,2024129-1923-50678
5,MP,2,62,foudre,mdg1,2024129-1923-50678
5,SC,3,54,foudre,mdg1,2024129-1923-50678
5,A2,4,55,foudre,mdg1,2024129-1923-50678
5,LY,5,71,foudre,mdg1,2024129-1923-50678
5,DH,6,0,foudre,mdg1,2024129-1923-50678
5,A3,7,31,foudre,mdg1,2024129-1923-50678
5,LG,8,19,foudre,mdg1,2024129-1923-50678
5,SP,9,0,foudre,mdg1,2024129-1923-50678
5,SR,10,40,foudre,mdg1,2024129-1923-50678
5,SY,11,100,foudre,mdg1,2024129-1923-50678
5,MY,12,0,foudre,mdg1,2024129-1923-50678
5,SG,13,0,foudre,mdg1,2024129-1923-50678
5,LH,14,86,foudre,mdg1,2024129-1923-50678
5,DR,15,0,foudre,mdg1,2024129-1923-50678
5,SB,16,65,foudre,mdg1,2024129-1923-50678
5,A1,17,0,foudre,mdg1,2024129-1923-50678
5,DY,18,0,foudre,mdg1,2024129-1923-50678
5,DC,19,0,foudre,mdg1,2024129-1923-50678
5,MC,20,28,foudre,mdg1,2024129-1923-50678
5,MR,21,0,foudre,mdg1,2024129-1923-50678
5,LR,22,0,foudre,mdg1,2024129-1923-50678
5,MH,23,0,foudre,mdg1,2024129-1923-50678
5,DP,24,0,foudre,mdg1,2024129-1923-50678
5,DG,25,0,foudre,mdg1,2024129-1923-50678
5,MB,26,64,foudre,mdg1,2024129-1923-50678
5,LP,27,0,foudre,mdg1,2024129-1923-50678
5,MO,28,0,foudre,mdg1,2024129-1923-50678
5,WH,29,13,foudre,mdg1,2024129-1923-50678
5,SO,30,0,foudre,mdg1,2024129-1923-50678
5,SH,31,0,foudre,mdg1,2024129-1923-50678
5,BK,32,0,foudre,mdg1,2024129-1923-50678
5,LC,33,25,foudre,mdg1,2024129-1923-50678
5,DB,34,61,foudre,mdg1,2024129-1923-50678
5,MG,35,0,foudre,mdg1,2024129-1923-50678
5,DO,36,0,foudre,mdg1,2024129-1923-50678
5,LB,37,40,foudre,mdg1,2024129-1923-50678
6,SO,1,0,justice,mdg1,2024129-1923-50678
6,LP,2,0,justice,mdg1,2024129-1923-50678
6,MH,3,0,justice,mdg1,2024129-1923-50678
6,DY,4,1,justice,mdg1,2024129-1923-50678
6,MR,5,0,justice,mdg1,2024129-1923-50678
6,DG,6,0,justice,mdg1,2024129-1923-50678
6,A1,7,6,justice,mdg1,2024129-1923-50678
6,BK,8,0,justice,mdg1,2024129-1923-50678
6,DO,9,0,justice,mdg1,2024129-1923-50678
6,LY,10,54,justice,mdg1,2024129-1923-50678
6,LR,11,0,justice,mdg1,2024129-1923-50678
6,LG,12,0,justice,mdg1,2024129-1923-50678
6,MY,13,0,justice,mdg1,2024129-1923-50678
6,MG,14,0,justice,mdg1,2024129-1923-50678
6,MO,15,0,justice,mdg1,2024129-1923-50678
6,SC,16,0,justice,mdg1,2024129-1923-50678
6,SY,17,44,justice,mdg1,2024129-1923-50678
6,SH,18,0,justice,mdg1,2024129-1923-50678
6,A3,19,100,justice,mdg1,2024129-1923-50678
6,MB,20,0,justice,mdg1,2024129-1923-50678
6,WH,21,100,justice,mdg1,2024129-1923-50678
6,LB,22,0,justice,mdg1,2024129-1923-50678
6,MP,23,0,justice,mdg1,2024129-1923-50678
6,MC,24,0,justice,mdg1,2024129-1923-50678
6,LC,25,0,justice,mdg1,2024129-1923-50678
6,DB,26,22,justice,mdg1,2024129-1923-50678
6,DP,27,0,justice,mdg1,2024129-1923-50678
6,SB,28,37,justice,mdg1,2024129-1923-50678
6,SR,29,0,justice,mdg1,2024129-1923-50678
6,SG,30,0,justice,mdg1,2024129-1923-50678
6,LO,31,0,justice,mdg1,2024129-1923-50678
6,DH,32,1,justice,mdg1,2024129-1923-50678
6,SP,33,0,justice,mdg1,2024129-1923-50678
6,LH,34,7,justice,mdg1,2024129-1923-50678
6,A2,35,0,justice,mdg1,2024129-1923-50678
6,DC,36,0,justice,mdg1,2024129-1923-50678
6,DR,37,90,justice,mdg1,2024129-1923-50678
7,DH,1,57,banane,mdg1,2024129-1923-50678
7,LO,2,32,banane,mdg1,2024129-1923-50678
7,DO,3,0,banane,mdg1,2024129-1923-50678
7,SR,4,0,banane,mdg1,2024129-1923-50678
7,MG,5,13,banane,mdg1,2024129-1923-50678
7,DG,6,63,banane,mdg1,2024129-1923-50678
7,LP,7,0,banane,mdg1,2024129-1923-50678
7,DY,8,0,banane,mdg1,2024129-1923-50678
7,LR,9,1,banane,mdg1,2024129-1923-50678
7,SO,10,0,banane,mdg1,2024129-1923-50678
7,LB,11,0,banane,mdg1,2024129-1923-50678
7,SG,12,74,banane,mdg1,2024129-1923-50678
7,MC,13,19,banane,mdg1,2024129-1923-50678
7,DB,14,0,banane,mdg1,2024129-1923-50678
7,LH,15,86,banane,mdg1,2024129-1923-50678
7,A1,16,0,banane,mdg1,2024129-1923-50678
7,MR,17,0,banane,mdg1,2024129-1923-50678
7,LY,18,100,banane,mdg1,2024129-1923-50678
7,SC,19,0,banane,mdg1,2024129-1923-50678
7,DC,20,0,banane,mdg1,2024129-1923-50678
7,DR,21,0,banane,mdg1,2024129-1923-50678
7,SY,22,100,banane,mdg1,2024129-1923-50678
7,MH,23,60,banane,mdg1,2024129-1923-50678
7,LG,24,71,banane,mdg1,2024129-1923-50678
7,MO,25,0,banane,mdg1,2024129-1923-50678
7,MP,26,0,banane,mdg1,2024129-1923-50678
7,BK,27,0,banane,mdg1,2024129-1923-50678
7,SB,28,0,banane,mdg1,2024129-1923-50678
7,A2,29,0,banane,mdg1,2024129-1923-50678
7,WH,30,0,banane,mdg1,2024129-1923-50678
7,MB,31,0,banane,mdg1,2024129-1923-50678
7,SH,32,22,banane,mdg1,2024129-1923-50678
7,SP,33,0,banane,mdg1,2024129-1923-50678
7,DP,34,0,banane,mdg1,2024129-1923-50678
7,A3,35,0,banane,mdg1,2024129-1923-50678
7,LC,36,0,banane,mdg1,2024129-1923-50678
7,MY,37,0,banane,mdg1,2024129-1923-50678
8,SO,1,0,paix,mdg1,2024129-1923-50678
8,WH,2,100,paix,mdg1,2024129-1923-50678
8,DR,3,0,paix,mdg1,2024129-1923-50678
8,BK,4,86,paix,mdg1,2024129-1923-50678
8,MR,5,0,paix,mdg1,2024129-1923-50678
8,DP,6,0,paix,mdg1,2024129-1923-50678
8,MG,7,0,paix,mdg1,2024129-1923-50678
8,MH,8,0,paix,mdg1,2024129-1923-50678
8,DC,9,0,paix,mdg1,2024129-1923-50678
8,LP,10,0,paix,mdg1,2024129-1923-50678
8,DO,11,0,paix,mdg1,2024129-1923-50678
8,MY,12,0,paix,mdg1,2024129-1923-50678
8,SC,13,0,paix,mdg1,2024129-1923-50678
8,LR,14,0,paix,mdg1,2024129-1923-50678
8,SG,15,0,paix,mdg1,2024129-1923-50678
8,SR,16,86,paix,mdg1,2024129-1923-50678
8,A3,17,100,paix,mdg1,2024129-1923-50678
8,MB,18,0,paix,mdg1,2024129-1923-50678
8,MC,19,0,paix,mdg1,2024129-1923-50678
8,SH,20,0,paix,mdg1,2024129-1923-50678
8,SP,21,0,paix,mdg1,2024129-1923-50678
8,DH,22,0,paix,mdg1,2024129-1923-50678
8,LC,23,0,paix,mdg1,2024129-1923-50678
8,MP,24,0,paix,mdg1,2024129-1923-50678
8,LH,25,0,paix,mdg1,2024129-1923-50678
8,LG,26,0,paix,mdg1,2024129-1923-50678
8,DG,27,0,paix,mdg1,2024129-1923-50678
8,MO,28,0,paix,mdg1,2024129-1923-50678
8,SB,29,0,paix,mdg1,2024129-1923-50678
8,DY,30,1,paix,mdg1,2024129-1923-50678
8,SY,31,14,paix,mdg1,2024129-1923-50678
8,A1,32,34,paix,mdg1,2024129-1923-50678
8,DB,33,0,paix,mdg1,2024129-1923-50678
8,A2,34,54,paix,mdg1,2024129-1923-50678
8,LY,35,63,paix,mdg1,2024129-1923-50678
8,LO,36,0,paix,mdg1,2024129-1923-50678
8,LB,37,0,paix,mdg1,2024129-1923-50678
9,LR,1,0,sécurité,mdg1,2024129-1923-50678
9,LO,2,0,sécurité,mdg1,2024129-1923-50678
9,LY,3,0,sécurité,mdg1,2024129-1923-50678
9,SH,4,0,sécurité,mdg1,2024129-1923-50678
9,MH,5,0,sécurité,mdg1,2024129-1923-50678
9,SB,6,0,sécurité,mdg1,2024129-1923-50678
9,DC,7,0,sécurité,mdg1,2024129-1923-50678
9,MR,8,90,sécurité,mdg1,2024129-1923-50678
9,SG,9,0,sécurité,mdg1,2024129-1923-50678
9,SO,10,0,sécurité,mdg1,2024129-1923-50678
9,LP,11,0,sécurité,mdg1,2024129-1923-50678
9,DY,12,0,sécurité,mdg1,2024129-1923-50678
9,A3,13,100,sécurité,mdg1,2024129-1923-50678
9,DH,14,0,sécurité,mdg1,2024129-1923-50678
9,LC,15,0,sécurité,mdg1,2024129-1923-50678
9,DB,16,0,sécurité,mdg1,2024129-1923-50678
9,A2,17,0,sécurité,mdg1,2024129-1923-50678
9,MP,18,0,sécurité,mdg1,2024129-1923-50678
9,DR,19,100,sécurité,mdg1,2024129-1923-50678
9,SC,20,0,sécurité,mdg1,2024129-1923-50678
9,DG,21,0,sécurité,mdg1,2024129-1923-50678
9,LG,22,0,sécurité,mdg1,2024129-1923-50678
9,MB,23,0,sécurité,mdg1,2024129-1923-50678
9,SR,24,100,sécurité,mdg1,2024129-1923-50678
9,MY,25,0,sécurité,mdg1,2024129-1923-50678
9,DP,26,0,sécurité,mdg1,2024129-1923-50678
9,MO,27,0,sécurité,mdg1,2024129-1923-50678
9,WH,28,100,sécurité,mdg1,2024129-1923-50678
9,DO,29,0,sécurité,mdg1,2024129-1923-50678
9,MC,30,0,sécurité,mdg1,2024129-1923-50678
9,MG,31,0,sécurité,mdg1,2024129-1923-50678
9,SP,32,0,sécurité,mdg1,2024129-1923-50678
9,A1,33,0,sécurité,mdg1,2024129-1923-50678
9,LB,34,0,sécurité,mdg1,2024129-1923-50678
9,SY,35,0,sécurité,mdg1,2024129-1923-50678
9,LH,36,0,sécurité,mdg1,2024129-1923-50678
9,BK,37,0,sécurité,mdg1,2024129-1923-50678
10,SC,1,0,carotte,mdg1,2024129-1923-50678
10,SR,2,0,carotte,mdg1,2024129-1923-50678
10,MC,3,0,carotte,mdg1,2024129-1923-50678
10,DP,4,0,carotte,mdg1,2024129-1923-50678
10,BK,5,0,carotte,mdg1,2024129-1923-50678
10,LH,6,0,carotte,mdg1,2024129-1923-50678
10,MG,7,19,carotte,mdg1,2024129-1923-50678
10,A2,8,0,carotte,mdg1,2024129-1923-50678
10,DB,9,0,carotte,mdg1,2024129-1923-50678
10,LC,10,0,carotte,mdg1,2024129-1923-50678
10,SG,11,61,carotte,mdg1,2024129-1923-50678
10,SP,12,0,carotte,mdg1,2024129-1923-50678
10,DH,13,0,carotte,mdg1,2024129-1923-50678
10,LR,14,0,carotte,mdg1,2024129-1923-50678
10,DR,15,0,carotte,mdg1,2024129-1923-50678
10,LP,16,1,carotte,mdg1,2024129-1923-50678
10,A3,17,0,carotte,mdg1,2024129-1923-50678
10,SH,18,0,carotte,mdg1,2024129-1923-50678
10,DC,19,0,carotte,mdg1,2024129-1923-50678
10,SY,20,0,carotte,mdg1,2024129-1923-50678
10,WH,21,0,carotte,mdg1,2024129-1923-50678
10,LB,22,0,carotte,mdg1,2024129-1923-50678
10,A1,23,0,carotte,mdg1,2024129-1923-50678
10,SO,24,100,carotte,mdg1,2024129-1923-50678
10,DG,25,0,carotte,mdg1,2024129-1923-50678
10,SB,26,0,carotte,mdg1,2024129-1923-50678
10,MP,27,0,carotte,mdg1,2024129-1923-50678
10,LY,28,0,carotte,mdg1,2024129-1923-50678
10,LG,29,0,carotte,mdg1,2024129-1923-50678
10,MB,30,0,carotte,mdg1,2024129-1923-50678
10,DO,31,0,carotte,mdg1,2024129-1923-50678
10,DY,32,0,carotte,mdg1,2024129-1923-50678
10,MR,33,31,carotte,mdg1,2024129-1923-50678
10,MO,34,41,carotte,mdg1,2024129-1923-50678
10,LO,35,54,carotte,mdg1,2024129-1923-50678
10,MY,36,30,carotte,mdg1,2024129-1923-50678
10,MH,37,0,carotte,mdg1,2024129-1923-50678
11,SY,1,100,mangue,mdg1,2024129-1923-50678
11,MH,2,40,mangue,mdg1,2024129-1923-50678
11,MC,3,0,mangue,mdg1,2024129-1923-50678
11,DG,4,100,mangue,mdg1,2024129-1923-50678
11,MP,5,1,mangue,mdg1,2024129-1923-50678
11,A2,6,0,mangue,mdg1,2024129-1923-50678
11,SP,7,0,mangue,mdg1,2024129-1923-50678
11,LH,8,63,mangue,mdg1,2024129-1923-50678
11,SO,9,44,mangue,mdg1,2024129-1923-50678
11,DH,10,0,mangue,mdg1,2024129-1923-50678
11,SR,11,31,mangue,mdg1,2024129-1923-50678
11,SC,12,0,mangue,mdg1,2024129-1923-50678
11,DY,13,0,mangue,mdg1,2024129-1923-50678
11,A3,14,0,mangue,mdg1,2024129-1923-50678
11,LB,15,0,mangue,mdg1,2024129-1923-50678
11,DC,16,16,mangue,mdg1,2024129-1923-50678
11,LG,17,0,mangue,mdg1,2024129-1923-50678
11,LP,18,0,mangue,mdg1,2024129-1923-50678
11,DP,19,0,mangue,mdg1,2024129-1923-50678
11,WH,20,0,mangue,mdg1,2024129-1923-50678
11,MO,21,0,mangue,mdg1,2024129-1923-50678
11,MB,22,0,mangue,mdg1,2024129-1923-50678
11,LR,23,0,mangue,mdg1,2024129-1923-50678
11,MY,24,0,mangue,mdg1,2024129-1923-50678
11,DO,25,0,mangue,mdg1,2024129-1923-50678
11,SG,26,10,mangue,mdg1,2024129-1923-50678
11,DR,27,8,mangue,mdg1,2024129-1923-50678
11,LY,28,0,mangue,mdg1,2024129-1923-50678
11,LO,29,2,mangue,mdg1,2024129-1923-50678
11,MR,30,0,mangue,mdg1,2024129-1923-50678
11,SH,31,0,mangue,mdg1,2024129-1923-50678
11,BK,32,0,mangue,mdg1,2024129-1923-50678
11,MG,33,0,mangue,mdg1,2024129-1923-50678
11,SB,34,0,mangue,mdg1,2024129-1923-50678
11,LC,35,0,mangue,mdg1,2024129-1923-50678
11,DB,36,0,mangue,mdg1,2024129-1923-50678
11,A1,37,0,mangue,mdg1,2024129-1923-50678
12,MY,1,100,tempête de sable,mdg1,2024129-1923-50678
12,MG,2,0,tempête de sable,mdg1,2024129-1923-50678
12,SH,3,0,tempête de sable,mdg1,2024129-1923-50678
12,LY,4,55,tempête de sable,mdg1,2024129-1923-50678
12,DO,5,67,tempête de sable,mdg1,2024129-1923-50678
12,SO,6,0,tempête de sable,mdg1,2024129-1923-50678
12,SB,7,0,tempête de sable,mdg1,2024129-1923-50678
12,SP,8,0,tempête de sable,mdg1,2024129-1923-50678
12,MB,9,0,tempête de sable,mdg1,2024129-1923-50678
12,MR,10,14,tempête de sable,mdg1,2024129-1923-50678
12,BK,11,0,tempête de sable,mdg1,2024129-1923-50678
12,LR,12,55,tempête de sable,mdg1,2024129-1923-50678
12,DG,13,0,tempête de sable,mdg1,2024129-1923-50678
12,WH,14,0,tempête de sable,mdg1,2024129-1923-50678
12,LB,15,0,tempête de sable,mdg1,2024129-1923-50678
12,SC,16,0,tempête de sable,mdg1,2024129-1923-50678
12,A2,17,0,tempête de sable,mdg1,2024129-1923-50678
12,DP,18,0,tempête de sable,mdg1,2024129-1923-50678
12,LH,19,9,tempête de sable,mdg1,2024129-1923-50678
12,A1,20,0,tempête de sable,mdg1,2024129-1923-50678
12,DR,21,0,tempête de sable,mdg1,2024129-1923-50678
12,MP,22,0,tempête de sable,mdg1,2024129-1923-50678
12,SY,23,0,tempête de sable,mdg1,2024129-1923-50678
12,MC,24,0,tempête de sable,mdg1,2024129-1923-50678
12,LC,25,0,tempête de sable,mdg1,2024129-1923-50678
12,SR,26,0,tempête de sable,mdg1,2024129-1923-50678
12,DY,27,0,tempête de sable,mdg1,2024129-1923-50678
12,SG,28,0,tempête de sable,mdg1,2024129-1923-50678
12,DH,29,0,tempête de sable,mdg1,2024129-1923-50678
12,A3,30,0,tempête de sable,mdg1,2024129-1923-50678
12,MO,31,27,tempête de sable,mdg1,2024129-1923-50678
12,DB,32,0,tempête de sable,mdg1,2024129-1923-50678
12,LO,33,88,tempête de sable,mdg1,2024129-1923-50678
12,LP,34,0,tempête de sable,mdg1,2024129-1923-50678
12,MH,35,0,tempête de sable,mdg1,2024129-1923-50678
12,DC,36,0,tempête de sable,mdg1,2024129-1923-50678
12,LG,37,0,tempête de sable,mdg1,2024129-1923-50678
13,BK,1,0,sécheresse,mdg1,2024129-1923-50678
13,WH,2,0,sécheresse,mdg1,2024129-1923-50678
13,MG,3,0,sécheresse,mdg1,2024129-1923-50678
13,DC,4,0,sécheresse,mdg1,2024129-1923-50678
13,SR,5,26,sécheresse,mdg1,2024129-1923-50678
13,SC,6,0,sécheresse,mdg1,2024129-1923-50678
13,DH,7,0,sécheresse,mdg1,2024129-1923-50678
13,LG,8,0,sécheresse,mdg1,2024129-1923-50678
13,MY,9,70,sécheresse,mdg1,2024129-1923-50678
13,DO,10,68,sécheresse,mdg1,2024129-1923-50678
13,MH,11,1,sécheresse,mdg1,2024129-1923-50678
13,MP,12,0,sécheresse,mdg1,2024129-1923-50678
13,A2,13,0,sécheresse,mdg1,2024129-1923-50678
13,MC,14,0,sécheresse,mdg1,2024129-1923-50678
13,DP,15,0,sécheresse,mdg1,2024129-1923-50678
13,LC,16,0,sécheresse,mdg1,2024129-1923-50678
13,SH,17,0,sécheresse,mdg1,2024129-1923-50678
13,DB,18,0,sécheresse,mdg1,2024129-1923-50678
13,MB,19,0,sécheresse,mdg1,2024129-1923-50678
13,LO,20,87,sécheresse,mdg1,2024129-1923-50678
13,A3,21,0,sécheresse,mdg1,2024129-1923-50678
13,LP,22,0,sécheresse,mdg1,2024129-1923-50678
13,SY,23,0,sécheresse,mdg1,2024129-1923-50678
13,LY,24,0,sécheresse,mdg1,2024129-1923-50678
13,MO,25,94,sécheresse,mdg1,2024129-1923-50678
13,DG,26,0,sécheresse,mdg1,2024129-1923-50678
13,LH,27,0,sécheresse,mdg1,2024129-1923-50678
13,DY,28,0,sécheresse,mdg1,2024129-1923-50678
13,A1,29,0,sécheresse,mdg1,2024129-1923-50678
13,SP,30,0,sécheresse,mdg1,2024129-1923-50678
13,SG,31,0,sécheresse,mdg1,2024129-1923-50678
13,MR,32,0,sécheresse,mdg1,2024129-1923-50678
13,LR,33,0,sécheresse,mdg1,2024129-1923-50678
13,LB,34,0,sécheresse,mdg1,2024129-1923-50678
13,SB,35,0,sécheresse,mdg1,2024129-1923-50678
13,SO,36,0,sécheresse,mdg1,2024129-1923-50678
13,DR,37,0,sécheresse,mdg1,2024129-1923-50678
14,LP,1,0,ouragan,mdg1,2024129-1923-50678
14,SB,2,100,ouragan,mdg1,2024129-1923-50678
14,LY,3,0,ouragan,mdg1,2024129-1923-50678
14,MY,4,0,ouragan,mdg1,2024129-1923-50678
14,DY,5,0,ouragan,mdg1,2024129-1923-50678
14,MP,6,0,ouragan,mdg1,2024129-1923-50678
14,SP,7,0,ouragan,mdg1,2024129-1923-50678
14,DP,8,0,ouragan,mdg1,2024129-1923-50678
14,DC,9,0,ouragan,mdg1,2024129-1923-50678
14,LH,10,0,ouragan,mdg1,2024129-1923-50678
14,LG,11,31,ouragan,mdg1,2024129-1923-50678
14,LO,12,0,ouragan,mdg1,2024129-1923-50678
14,MO,13,0,ouragan,mdg1,2024129-1923-50678
14,DR,14,0,ouragan,mdg1,2024129-1923-50678
14,MC,15,0,ouragan,mdg1,2024129-1923-50678
14,BK,16,0,ouragan,mdg1,2024129-1923-50678
14,LC,17,58,ouragan,mdg1,2024129-1923-50678
14,MG,18,0,ouragan,mdg1,2024129-1923-50678
14,DG,19,0,ouragan,mdg1,2024129-1923-50678
14,LR,20,0,ouragan,mdg1,2024129-1923-50678
14,DO,21,0,ouragan,mdg1,2024129-1923-50678
14,SY,22,0,ouragan,mdg1,2024129-1923-50678
14,MR,23,0,ouragan,mdg1,2024129-1923-50678
14,SG,24,0,ouragan,mdg1,2024129-1923-50678
14,A2,25,39,ouragan,mdg1,2024129-1923-50678
14,A1,26,0,ouragan,mdg1,2024129-1923-50678
14,SH,27,0,ouragan,mdg1,2024129-1923-50678
14,SR,28,0,ouragan,mdg1,2024129-1923-50678
14,SC,29,14,ouragan,mdg1,2024129-1923-50678
14,WH,30,0,ouragan,mdg1,2024129-1923-50678
14,DH,31,0,ouragan,mdg1,2024129-1923-50678
14,MH,32,0,ouragan,mdg1,2024129-1923-50678
14,SO,33,0,ouragan,mdg1,2024129-1923-50678
14,A3,34,0,ouragan,mdg1,2024129-1923-50678
14,DB,35,54,ouragan,mdg1,2024129-1923-50678
14,LB,36,72,ouragan,mdg1,2024129-1923-50678
14,MB,37,86,ouragan,mdg1,2024129-1923-50678
15,SO,1,0,en colère,mdg1,2024129-1923-50678
15,SB,2,0,en colère,mdg1,2024129-1923-50678
15,DH,3,0,en colère,mdg1,2024129-1923-50678
15,MR,4,80,en colère,mdg1,2024129-1923-50678
15,MB,5,0,en colère,mdg1,2024129-1923-50678
15,SG,6,0,en colère,mdg1,2024129-1923-50678
15,LB,7,0,en colère,mdg1,2024129-1923-50678
15,DY,8,0,en colère,mdg1,2024129-1923-50678
15,LG,9,0,en colère,mdg1,2024129-1923-50678
15,WH,10,0,en colère,mdg1,2024129-1923-50678
15,DC,11,0,en colère,mdg1,2024129-1923-50678
15,MG,12,0,en colère,mdg1,2024129-1923-50678
15,MH,13,0,en colère,mdg1,2024129-1923-50678
15,LH,14,0,en colère,mdg1,2024129-1923-50678
15,DG,15,0,en colère,mdg1,2024129-1923-50678
15,MO,16,0,en colère,mdg1,2024129-1923-50678
15,A3,17,0,en colère,mdg1,2024129-1923-50678
15,SH,18,0,en colère,mdg1,2024129-1923-50678
15,A2,19,0,en colère,mdg1,2024129-1923-50678
15,SC,20,0,en colère,mdg1,2024129-1923-50678
15,DO,21,0,en colère,mdg1,2024129-1923-50678
15,SR,22,100,en colère,mdg1,2024129-1923-50678
15,MY,23,0,en colère,mdg1,2024129-1923-50678
15,SY,24,0,en colère,mdg1,2024129-1923-50678
15,LP,25,0,en colère,mdg1,2024129-1923-50678
15,MP,26,0,en colère,mdg1,2024129-1923-50678
15,LC,27,0,en colère,mdg1,2024129-1923-50678
15,DR,28,100,en colère,mdg1,2024129-1923-50678
15,DB,29,0,en colère,mdg1,2024129-1923-50678
15,LY,30,0,en colère,mdg1,2024129-1923-50678
15,DP,31,0,en colère,mdg1,2024129-1923-50678
15,A1,32,0,en colère,mdg1,2024129-1923-50678
15,MC,33,0,en colère,mdg1,2024129-1923-50678
15,LO,34,0,en colère,mdg1,2024129-1923-50678
15,LR,35,0,en colère,mdg1,2024129-1923-50678
15,SP,36,0,en colère,mdg1,2024129-1923-50678
15,BK,37,0,en colère,mdg1,2024129-1923-50678
16,MC,1,71,pêche,mdg1,2024129-1923-50678
16,SR,2,0,pêche,mdg1,2024129-1923-50678
16,DY,3,0,pêche,mdg1,2024129-1923-50678
16,SG,4,60,pêche,mdg1,2024129-1923-50678
16,WH,5,0,pêche,mdg1,2024129-1923-50678
16,LR,6,81,pêche,mdg1,2024129-1923-50678
16,SY,7,0,pêche,mdg1,2024129-1923-50678
16,DC,8,0,pêche,mdg1,2024129-1923-50678
16,DH,9,0,pêche,mdg1,2024129-1923-50678
16,SB,10,43,pêche,mdg1,2024129-1923-50678
16,MP,11,33,pêche,mdg1,2024129-1923-50678
16,LY,12,0,pêche,mdg1,2024129-1923-50678
16,LO,13,0,pêche,mdg1,2024129-1923-50678
16,MY,14,0,pêche,mdg1,2024129-1923-50678
16,MO,15,0,pêche,mdg1,2024129-1923-50678
16,MB,16,77,pêche,mdg1,2024129-1923-50678
16,SC,17,57,pêche,mdg1,2024129-1923-50678
16,DB,18,0,pêche,mdg1,2024129-1923-50678
16,MR,19,57,pêche,mdg1,2024129-1923-50678
16,MH,20,0,pêche,mdg1,2024129-1923-50678
16,SP,21,0,pêche,mdg1,2024129-1923-50678
16,BK,22,0,pêche,mdg1,2024129-1923-50678
16,LC,23,0,pêche,mdg1,2024129-1923-50678
16,LG,24,0,pêche,mdg1,2024129-1923-50678
16,DP,25,0,pêche,mdg1,2024129-1923-50678
16,DO,26,0,pêche,mdg1,2024129-1923-50678
16,DR,27,0,pêche,mdg1,2024129-1923-50678
16,A3,28,0,pêche,mdg1,2024129-1923-50678
16,SH,29,0,pêche,mdg1,2024129-1923-50678
16,A2,30,0,pêche,mdg1,2024129-1923-50678
16,LH,31,0,pêche,mdg1,2024129-1923-50678
16,LB,32,0,pêche,mdg1,2024129-1923-50678
16,LP,33,0,pêche,mdg1,2024129-1923-50678
16,SO,34,0,pêche,mdg1,2024129-1923-50678
16,MG,35,80,pêche,mdg1,2024129-1923-50678
16,A1,36,0,pêche,mdg1,2024129-1923-50678
16,DG,37,57,pêche,mdg1,2024129-1923-50678
1,SY,1,100,mangue,mdg1,2024129-914-4781
1,DH,2,63,mangue,mdg1,2024129-914-4781
1,MH,3,98,mangue,mdg1,2024129-914-4781
1,A3,4,6,mangue,mdg1,2024129-914-4781
1,MP,5,1,mangue,mdg1,2024129-914-4781
1,SH,6,5,mangue,mdg1,2024129-914-4781
1,A1,7,5,mangue,mdg1,2024129-914-4781
1,LY,8,100,mangue,mdg1,2024129-914-4781
1,SB,9,0,mangue,mdg1,2024129-914-4781
1,SO,10,100,mangue,mdg1,2024129-914-4781
1,DB,11,0,mangue,mdg1,2024129-914-4781
1,LB,12,0,mangue,mdg1,2024129-914-4781
1,WH,13,0,mangue,mdg1,2024129-914-4781
1,MG,14,77,mangue,mdg1,2024129-914-4781
1,MO,15,68,mangue,mdg1,2024129-914-4781
1,LP,16,0,mangue,mdg1,2024129-914-4781
1,DR,17,0,mangue,mdg1,2024129-914-4781
1,LR,18,0,mangue,mdg1,2024129-914-4781
1,BK,19,0,mangue,mdg1,2024129-914-4781
1,DO,20,81,mangue,mdg1,2024129-914-4781
1,DC,21,0,mangue,mdg1,2024129-914-4781
1,A2,22,0,mangue,mdg1,2024129-914-4781
1,DP,23,0,mangue,mdg1,2024129-914-4781
1,SG,24,0,mangue,mdg1,2024129-914-4781
1,LH,25,0,mangue,mdg1,2024129-914-4781
1,MC,26,0,mangue,mdg1,2024129-914-4781
1,DG,27,100,mangue,mdg1,2024129-914-4781
1,DY,28,68,mangue,mdg1,2024129-914-4781
1,SP,29,0,mangue,mdg1,2024129-914-4781
1,SC,30,0,mangue,mdg1,2024129-914-4781
1,SR,31,1,mangue,mdg1,2024129-914-4781
1,LG,32,0,mangue,mdg1,2024129-914-4781
1,LC,33,0,mangue,mdg1,2024129-914-4781
1,MB,34,0,mangue,mdg1,2024129-914-4781
1,MR,35,59,mangue,mdg1,2024129-914-4781
1,LO,36,0,mangue,mdg1,2024129-914-4781
1,MY,37,58,mangue,mdg1,2024129-914-4781
2,LY,1,0,en colère,mdg1,2024129-914-4781
2,MY,2,54,en colère,mdg1,2024129-914-4781
2,LR,3,0,en colère,mdg1,2024129-914-4781
2,DH,4,100,en colère,mdg1,2024129-914-4781
2,LO,5,1,en colère,mdg1,2024129-914-4781
2,LP,6,0,en colère,mdg1,2024129-914-4781
2,WH,7,1,en colère,mdg1,2024129-914-4781
2,MH,8,65,en colère,mdg1,2024129-914-4781
2,MO,9,1,en colère,mdg1,2024129-914-4781
2,SP,10,1,en colère,mdg1,2024129-914-4781
2,DB,11,99,en colère,mdg1,2024129-914-4781
2,SG,12,1,en colère,mdg1,2024129-914-4781
2,SB,13,0,en colère,mdg1,2024129-914-4781
2,SC,14,0,en colère,mdg1,2024129-914-4781
2,MB,15,98,en colère,mdg1,2024129-914-4781
2,DY,16,100,en colère,mdg1,2024129-914-4781
2,A1,17,100,en colère,mdg1,2024129-914-4781
2,MR,18,1,en colère,mdg1,2024129-914-4781
2,LH,19,0,en colère,mdg1,2024129-914-4781
2,SR,20,0,en colère,mdg1,2024129-914-4781
2,MP,21,1,en colère,mdg1,2024129-914-4781
2,A3,22,0,en colère,mdg1,2024129-914-4781
2,DC,23,100,en colère,mdg1,2024129-914-4781
2,SO,24,0,en colère,mdg1,2024129-914-4781
2,SH,25,0,en colère,mdg1,2024129-914-4781
2,BK,26,100,en colère,mdg1,2024129-914-4781
2,LG,27,0,en colère,mdg1,2024129-914-4781
2,SY,28,0,en colère,mdg1,2024129-914-4781
2,LB,29,0,en colère,mdg1,2024129-914-4781
2,LC,30,0,en colère,mdg1,2024129-914-4781
2,DO,31,100,en colère,mdg1,2024129-914-4781
2,A2,32,100,en colère,mdg1,2024129-914-4781
2,MG,33,0,en colère,mdg1,2024129-914-4781
2,MC,34,0,en colère,mdg1,2024129-914-4781
2,DP,35,1,en colère,mdg1,2024129-914-4781
2,DR,36,1,en colère,mdg1,2024129-914-4781
2,DG,37,0,en colère,mdg1,2024129-914-4781
3,SG,1,0,sécurité,mdg1,2024129-914-4781
3,MH,2,11,sécurité,mdg1,2024129-914-4781
3,DR,3,7,sécurité,mdg1,2024129-914-4781
3,LB,4,7,sécurité,mdg1,2024129-914-4781
3,DH,5,0,sécurité,mdg1,2024129-914-4781
3,LH,6,1,sécurité,mdg1,2024129-914-4781
3,LR,7,0,sécurité,mdg1,2024129-914-4781
3,LC,8,0,sécurité,mdg1,2024129-914-4781
3,SC,9,0,sécurité,mdg1,2024129-914-4781
3,LP,10,0,sécurité,mdg1,2024129-914-4781
3,A2,11,100,sécurité,mdg1,2024129-914-4781
3,MB,12,100,sécurité,mdg1,2024129-914-4781
3,MC,13,68,sécurité,mdg1,2024129-914-4781
3,BK,14,0,sécurité,mdg1,2024129-914-4781
3,MP,15,75,sécurité,mdg1,2024129-914-4781
3,MR,16,24,sécurité,mdg1,2024129-914-4781
3,DB,17,100,sécurité,mdg1,2024129-914-4781
3,MY,18,0,sécurité,mdg1,2024129-914-4781
3,MO,19,8,sécurité,mdg1,2024129-914-4781
3,MG,20,23,sécurité,mdg1,2024129-914-4781
3,SH,21,26,sécurité,mdg1,2024129-914-4781
3,LY,22,100,sécurité,mdg1,2024129-914-4781
3,WH,23,100,sécurité,mdg1,2024129-914-4781
3,SP,24,100,sécurité,mdg1,2024129-914-4781
3,DP,25,100,sécurité,mdg1,2024129-914-4781
3,LO,26,22,sécurité,mdg1,2024129-914-4781
3,LG,27,18,sécurité,mdg1,2024129-914-4781
3,A3,28,100,sécurité,mdg1,2024129-914-4781
3,SB,29,100,sécurité,mdg1,2024129-914-4781
3,SO,30,13,sécurité,mdg1,2024129-914-4781
3,SR,31,100,sécurité,mdg1,2024129-914-4781
3,A1,32,67,sécurité,mdg1,2024129-914-4781
3,DO,33,73,sécurité,mdg1,2024129-914-4781
3,DY,34,81,sécurité,mdg1,2024129-914-4781
3,DG,35,97,sécurité,mdg1,2024129-914-4781
3,DC,36,100,sécurité,mdg1,2024129-914-4781
3,SY,37,100,sécurité,mdg1,2024129-914-4781
4,MY,1,100,sécheresse,mdg1,2024129-914-4781
4,LP,2,0,sécheresse,mdg1,2024129-914-4781
4,MO,3,0,sécheresse,mdg1,2024129-914-4781
4,LC,4,0,sécheresse,mdg1,2024129-914-4781
4,SP,5,0,sécheresse,mdg1,2024129-914-4781
4,DP,6,0,sécheresse,mdg1,2024129-914-4781
4,A1,7,100,sécheresse,mdg1,2024129-914-4781
4,SB,8,1,sécheresse,mdg1,2024129-914-4781
4,SR,9,1,sécheresse,mdg1,2024129-914-4781
4,SO,10,0,sécheresse,mdg1,2024129-914-4781
4,SH,11,0,sécheresse,mdg1,2024129-914-4781
4,SG,12,0,sécheresse,mdg1,2024129-914-4781
4,LH,13,0,sécheresse,mdg1,2024129-914-4781
4,DR,14,0,sécheresse,mdg1,2024129-914-4781
4,DH,15,0,sécheresse,mdg1,2024129-914-4781
4,MG,16,0,sécheresse,mdg1,2024129-914-4781
4,DY,17,79,sécheresse,mdg1,2024129-914-4781
4,LY,18,100,sécheresse,mdg1,2024129-914-4781
4,LR,19,0,sécheresse,mdg1,2024129-914-4781
4,DO,20,0,sécheresse,mdg1,2024129-914-4781
4,DB,21,0,sécheresse,mdg1,2024129-914-4781
4,DC,22,0,sécheresse,mdg1,2024129-914-4781
4,A2,23,93,sécheresse,mdg1,2024129-914-4781
4,LO,24,100,sécheresse,mdg1,2024129-914-4781
4,WH,25,49,sécheresse,mdg1,2024129-914-4781
4,MB,26,0,sécheresse,mdg1,2024129-914-4781
4,BK,27,100,sécheresse,mdg1,2024129-914-4781
4,DG,28,0,sécheresse,mdg1,2024129-914-4781
4,SC,29,0,sécheresse,mdg1,2024129-914-4781
4,MP,30,0,sécheresse,mdg1,2024129-914-4781
4,MC,31,21,sécheresse,mdg1,2024129-914-4781
4,MR,32,0,sécheresse,mdg1,2024129-914-4781
4,SY,33,100,sécheresse,mdg1,2024129-914-4781
4,LB,34,0,sécheresse,mdg1,2024129-914-4781
4,LG,35,0,sécheresse,mdg1,2024129-914-4781
4,MH,36,17,sécheresse,mdg1,2024129-914-4781
4,A3,37,78,sécheresse,mdg1,2024129-914-4781
5,LR,1,1,foudre,mdg1,2024129-914-4781
5,SP,2,0,foudre,mdg1,2024129-914-4781
5,A1,3,100,foudre,mdg1,2024129-914-4781
5,SB,4,100,foudre,mdg1,2024129-914-4781
5,LG,5,0,foudre,mdg1,2024129-914-4781
5,SY,6,100,foudre,mdg1,2024129-914-4781
5,A2,7,100,foudre,mdg1,2024129-914-4781
5,DG,8,0,foudre,mdg1,2024129-914-4781
5,WH,9,100,foudre,mdg1,2024129-914-4781
5,MH,10,1,foudre,mdg1,2024129-914-4781
5,SR,11,0,foudre,mdg1,2024129-914-4781
5,DC,12,0,foudre,mdg1,2024129-914-4781
5,DR,13,0,foudre,mdg1,2024129-914-4781
5,BK,14,100,foudre,mdg1,2024129-914-4781
5,LY,15,100,foudre,mdg1,2024129-914-4781
5,MC,16,1,foudre,mdg1,2024129-914-4781
5,LH,17,72,foudre,mdg1,2024129-914-4781
5,LB,18,95,foudre,mdg1,2024129-914-4781
5,MB,19,93,foudre,mdg1,2024129-914-4781
5,SC,20,0,foudre,mdg1,2024129-914-4781
5,MR,21,0,foudre,mdg1,2024129-914-4781
5,A3,22,99,foudre,mdg1,2024129-914-4781
5,DH,23,0,foudre,mdg1,2024129-914-4781
5,MY,24,67,foudre,mdg1,2024129-914-4781
5,LP,25,0,foudre,mdg1,2024129-914-4781
5,MO,26,0,foudre,mdg1,2024129-914-4781
5,LO,27,0,foudre,mdg1,2024129-914-4781
5,DP,28,0,foudre,mdg1,2024129-914-4781
5,SO,29,64,foudre,mdg1,2024129-914-4781
5,MG,30,0,foudre,mdg1,2024129-914-4781
5,DO,31,0,foudre,mdg1,2024129-914-4781
5,DB,32,81,foudre,mdg1,2024129-914-4781
5,DY,33,0,foudre,mdg1,2024129-914-4781
5,SH,34,0,foudre,mdg1,2024129-914-4781
5,SG,35,0,foudre,mdg1,2024129-914-4781
5,LC,36,0,foudre,mdg1,2024129-914-4781
5,MP,37,0,foudre,mdg1,2024129-914-4781
6,DC,1,50,justice,mdg1,2024129-914-4781
6,SG,2,50,justice,mdg1,2024129-914-4781
6,LY,3,76,justice,mdg1,2024129-914-4781
6,MR,4,22,justice,mdg1,2024129-914-4781
6,DG,5,80,justice,mdg1,2024129-914-4781
6,LG,6,81,justice,mdg1,2024129-914-4781
6,SR,7,75,justice,mdg1,2024129-914-4781
6,SP,8,0,justice,mdg1,2024129-914-4781
6,MP,9,0,justice,mdg1,2024129-914-4781
6,DP,10,0,justice,mdg1,2024129-914-4781
6,SH,11,0,justice,mdg1,2024129-914-4781
6,A3,12,100,justice,mdg1,2024129-914-4781
6,SY,13,100,justice,mdg1,2024129-914-4781
6,LR,14,0,justice,mdg1,2024129-914-4781
6,DO,15,1,justice,mdg1,2024129-914-4781
6,LC,16,100,justice,mdg1,2024129-914-4781
6,MH,17,0,justice,mdg1,2024129-914-4781
6,A2,18,100,justice,mdg1,2024129-914-4781
6,LB,19,100,justice,mdg1,2024129-914-4781
6,MO,20,22,justice,mdg1,2024129-914-4781
6,MG,21,22,justice,mdg1,2024129-914-4781
6,SC,22,100,justice,mdg1,2024129-914-4781
6,MY,23,22,justice,mdg1,2024129-914-4781
6,LO,24,100,justice,mdg1,2024129-914-4781
6,WH,25,100,justice,mdg1,2024129-914-4781
6,LH,26,66,justice,mdg1,2024129-914-4781
6,SO,27,100,justice,mdg1,2024129-914-4781
6,MC,28,23,justice,mdg1,2024129-914-4781
6,SB,29,79,justice,mdg1,2024129-914-4781
6,A1,30,0,justice,mdg1,2024129-914-4781
6,LP,31,87,justice,mdg1,2024129-914-4781
6,BK,32,0,justice,mdg1,2024129-914-4781
6,DY,33,0,justice,mdg1,2024129-914-4781
6,DB,34,0,justice,mdg1,2024129-914-4781
6,MB,35,87,justice,mdg1,2024129-914-4781
6,DR,36,49,justice,mdg1,2024129-914-4781
6,DH,37,0,justice,mdg1,2024129-914-4781
7,A1,1,0,amour,mdg1,2024129-914-4781
7,MH,2,14,amour,mdg1,2024129-914-4781
7,SR,3,100,amour,mdg1,2024129-914-4781
7,A2,4,0,amour,mdg1,2024129-914-4781
7,DY,5,0,amour,mdg1,2024129-914-4781
7,MR,6,61,amour,mdg1,2024129-914-4781
7,SO,7,96,amour,mdg1,2024129-914-4781
7,MC,8,0,amour,mdg1,2024129-914-4781
7,MG,9,1,amour,mdg1,2024129-914-4781
7,MB,10,0,amour,mdg1,2024129-914-4781
7,SY,11,99,amour,mdg1,2024129-914-4781
7,DG,12,0,amour,mdg1,2024129-914-4781
7,LR,13,64,amour,mdg1,2024129-914-4781
7,DB,14,1,amour,mdg1,2024129-914-4781
7,LP,15,22,amour,mdg1,2024129-914-4781
7,SC,16,0,amour,mdg1,2024129-914-4781
7,SP,17,0,amour,mdg1,2024129-914-4781
7,A3,18,82,amour,mdg1,2024129-914-4781
7,DR,19,100,amour,mdg1,2024129-914-4781
7,DH,20,0,amour,mdg1,2024129-914-4781
7,WH,21,100,amour,mdg1,2024129-914-4781
7,LY,22,21,amour,mdg1,2024129-914-4781
7,DO,23,8,amour,mdg1,2024129-914-4781
7,MP,24,32,amour,mdg1,2024129-914-4781
7,SG,25,2,amour,mdg1,2024129-914-4781
7,SB,26,100,amour,mdg1,2024129-914-4781
7,LC,27,70,amour,mdg1,2024129-914-4781
7,LG,28,16,amour,mdg1,2024129-914-4781
7,LH,29,22,amour,mdg1,2024129-914-4781
7,MO,30,71,amour,mdg1,2024129-914-4781
7,DC,31,4,amour,mdg1,2024129-914-4781
7,LB,32,0,amour,mdg1,2024129-914-4781
7,BK,33,0,amour,mdg1,2024129-914-4781
7,MY,34,0,amour,mdg1,2024129-914-4781
7,DP,35,0,amour,mdg1,2024129-914-4781
7,LO,36,0,amour,mdg1,2024129-914-4781
7,SH,37,0,amour,mdg1,2024129-914-4781
8,MH,1,36,pêche,mdg1,2024129-914-4781
8,SB,2,1,pêche,mdg1,2024129-914-4781
8,DG,3,60,pêche,mdg1,2024129-914-4781
8,LC,4,0,pêche,mdg1,2024129-914-4781
8,LP,5,1,pêche,mdg1,2024129-914-4781
8,SH,6,0,pêche,mdg1,2024129-914-4781
8,SC,7,0,pêche,mdg1,2024129-914-4781
8,SY,8,0,pêche,mdg1,2024129-914-4781
8,MG,9,33,pêche,mdg1,2024129-914-4781
8,SR,10,24,pêche,mdg1,2024129-914-4781
8,SO,11,100,pêche,mdg1,2024129-914-4781
8,SP,12,0,pêche,mdg1,2024129-914-4781
8,LO,13,100,pêche,mdg1,2024129-914-4781
8,LG,14,64,pêche,mdg1,2024129-914-4781
8,LY,15,59,pêche,mdg1,2024129-914-4781
8,DB,16,0,pêche,mdg1,2024129-914-4781
8,LB,17,0,pêche,mdg1,2024129-914-4781
8,MC,18,0,pêche,mdg1,2024129-914-4781
8,DH,19,17,pêche,mdg1,2024129-914-4781
8,WH,20,63,pêche,mdg1,2024129-914-4781
8,A3,21,66,pêche,mdg1,2024129-914-4781
8,DP,22,0,pêche,mdg1,2024129-914-4781
8,MO,23,100,pêche,mdg1,2024129-914-4781
8,LR,24,65,pêche,mdg1,2024129-914-4781
8,DR,25,100,pêche,mdg1,2024129-914-4781
8,BK,26,0,pêche,mdg1,2024129-914-4781
8,A2,27,15,pêche,mdg1,2024129-914-4781
8,LH,28,23,pêche,mdg1,2024129-914-4781
8,DY,29,65,pêche,mdg1,2024129-914-4781
8,A1,30,0,pêche,mdg1,2024129-914-4781
8,SG,31,0,pêche,mdg1,2024129-914-4781
8,MR,32,100,pêche,mdg1,2024129-914-4781
8,MY,33,100,pêche,mdg1,2024129-914-4781
8,MB,34,0,pêche,mdg1,2024129-914-4781
8,DO,35,100,pêche,mdg1,2024129-914-4781
8,DC,36,43,pêche,mdg1,2024129-914-4781
8,MP,37,4,pêche,mdg1,2024129-914-4781
9,DO,1,100,confort,mdg1,2024129-914-4781
9,MP,2,0,confort,mdg1,2024129-914-4781
9,BK,3,100,confort,mdg1,2024129-914-4781
9,MC,4,28,confort,mdg1,2024129-914-4781
9,MR,5,11,confort,mdg1,2024129-914-4781
9,SH,6,0,confort,mdg1,2024129-914-4781
9,LC,7,0,confort,mdg1,2024129-914-4781
9,LP,8,0,confort,mdg1,2024129-914-4781
9,LH,9,0,confort,mdg1,2024129-914-4781
9,SC,10,0,confort,mdg1,2024129-914-4781
9,SR,11,100,confort,mdg1,2024129-914-4781
9,DP,12,99,confort,mdg1,2024129-914-4781
9,SY,13,0,confort,mdg1,2024129-914-4781
9,SO,14,0,confort,mdg1,2024129-914-4781
9,LY,15,0,confort,mdg1,2024129-914-4781
9,A2,16,100,confort,mdg1,2024129-914-4781
9,SP,17,1,confort,mdg1,2024129-914-4781
9,LB,18,100,confort,mdg1,2024129-914-4781
9,MO,19,100,confort,mdg1,2024129-914-4781
9,LG,20,0,confort,mdg1,2024129-914-4781
9,MY,21,79,confort,mdg1,2024129-914-4781
9,MG,22,0,confort,mdg1,2024129-914-4781
9,LO,23,1,confort,mdg1,2024129-914-4781
9,DR,24,100,confort,mdg1,2024129-914-4781
9,SB,25,0,confort,mdg1,2024129-914-4781
9,A3,26,100,confort,mdg1,2024129-914-4781
9,SG,27,0,confort,mdg1,2024129-914-4781
9,MB,28,100,confort,mdg1,2024129-914-4781
9,LR,29,0,confort,mdg1,2024129-914-4781
9,DC,30,100,confort,mdg1,2024129-914-4781
9,WH,31,100,confort,mdg1,2024129-914-4781
9,DH,32,0,confort,mdg1,2024129-914-4781
9,DG,33,0,confort,mdg1,2024129-914-4781
9,DB,34,100,confort,mdg1,2024129-914-4781
9,MH,35,0,confort,mdg1,2024129-914-4781
9,A1,36,100,confort,mdg1,2024129-914-4781
9,DY,37,0,confort,mdg1,2024129-914-4781
10,DG,1,50,triste,mdg1,2024129-914-4781
10,A3,2,100,triste,mdg1,2024129-914-4781
10,BK,3,100,triste,mdg1,2024129-914-4781
10,LB,4,0,triste,mdg1,2024129-914-4781
10,DH,5,76,triste,mdg1,2024129-914-4781
10,LG,6,0,triste,mdg1,2024129-914-4781
10,LP,7,79,triste,mdg1,2024129-914-4781
10,MR,8,0,triste,mdg1,2024129-914-4781
10,DY,9,100,triste,mdg1,2024129-914-4781
10,DR,10,100,triste,mdg1,2024129-914-4781
10,DC,11,0,triste,mdg1,2024129-914-4781
10,SH,12,0,triste,mdg1,2024129-914-4781
10,MP,13,75,triste,mdg1,2024129-914-4781
10,MO,14,78,triste,mdg1,2024129-914-4781
10,A1,15,100,triste,mdg1,2024129-914-4781
10,SC,16,1,triste,mdg1,2024129-914-4781
10,DB,17,100,triste,mdg1,2024129-914-4781
10,MH,18,71,triste,mdg1,2024129-914-4781
10,WH,19,100,triste,mdg1,2024129-914-4781
10,LC,20,0,triste,mdg1,2024129-914-4781
10,SO,21,0,triste,mdg1,2024129-914-4781
10,SR,22,0,triste,mdg1,2024129-914-4781
10,LO,23,0,triste,mdg1,2024129-914-4781
10,LR,24,0,triste,mdg1,2024129-914-4781
10,MC,25,77,triste,mdg1,2024129-914-4781
10,LY,26,0,triste,mdg1,2024129-914-4781
10,MB,27,99,triste,mdg1,2024129-914-4781
10,DP,28,100,triste,mdg1,2024129-914-4781
10,SP,29,0,triste,mdg1,2024129-914-4781
10,SY,30,0,triste,mdg1,2024129-914-4781
10,LH,31,0,triste,mdg1,2024129-914-4781
10,SG,32,0,triste,mdg1,2024129-914-4781
10,SB,33,0,triste,mdg1,2024129-914-4781
10,MY,34,0,triste,mdg1,2024129-914-4781
10,A2,35,100,triste,mdg1,2024129-914-4781
10,MG,36,71,triste,mdg1,2024129-914-4781
10,DO,37,100,triste,mdg1,2024129-914-4781
11,DR,1,0,carotte,mdg1,2024129-914-4781
11,DY,2,0,carotte,mdg1,2024129-914-4781
11,SH,3,19,carotte,mdg1,2024129-914-4781
11,MP,4,0,carotte,mdg1,2024129-914-4781
11,LH,5,0,carotte,mdg1,2024129-914-4781
11,DP,6,0,carotte,mdg1,2024129-914-4781
11,A2,7,0,carotte,mdg1,2024129-914-4781
11,MG,8,68,carotte,mdg1,2024129-914-4781
11,LC,9,0,carotte,mdg1,2024129-914-4781
11,BK,10,0,carotte,mdg1,2024129-914-4781
11,DC,11,0,carotte,mdg1,2024129-914-4781
11,MH,12,0,carotte,mdg1,2024129-914-4781
11,MY,13,77,carotte,mdg1,2024129-914-4781
11,SO,14,100,carotte,mdg1,2024129-914-4781
11,WH,15,100,carotte,mdg1,2024129-914-4781
11,DG,16,71,carotte,mdg1,2024129-914-4781
11,MB,17,0,carotte,mdg1,2024129-914-4781
11,SP,18,0,carotte,mdg1,2024129-914-4781
11,LB,19,0,carotte,mdg1,2024129-914-4781
11,MR,20,75,carotte,mdg1,2024129-914-4781
11,SR,21,0,carotte,mdg1,2024129-914-4781
11,A3,22,0,carotte,mdg1,2024129-914-4781
11,MC,23,0,carotte,mdg1,2024129-914-4781
11,SY,24,0,carotte,mdg1,2024129-914-4781
11,LY,25,0,carotte,mdg1,2024129-914-4781
11,A1,26,0,carotte,mdg1,2024129-914-4781
11,LG,27,0,carotte,mdg1,2024129-914-4781
11,LP,28,0,carotte,mdg1,2024129-914-4781
11,SB,29,0,carotte,mdg1,2024129-914-4781
11,DB,30,0,carotte,mdg1,2024129-914-4781
11,DH,31,70,carotte,mdg1,2024129-914-4781
11,MO,32,100,carotte,mdg1,2024129-914-4781
11,SG,33,0,carotte,mdg1,2024129-914-4781
11,LR,34,67,carotte,mdg1,2024129-914-4781
11,SC,35,0,carotte,mdg1,2024129-914-4781
11,DO,36,100,carotte,mdg1,2024129-914-4781
11,LO,37,97,carotte,mdg1,2024129-914-4781
12,LG,1,0,ouragan,mdg1,2024129-914-4781
12,MR,2,0,ouragan,mdg1,2024129-914-4781
12,DR,3,0,ouragan,mdg1,2024129-914-4781
12,DG,4,0,ouragan,mdg1,2024129-914-4781
12,LO,5,0,ouragan,mdg1,2024129-914-4781
12,LH,6,0,ouragan,mdg1,2024129-914-4781
12,SO,7,0,ouragan,mdg1,2024129-914-4781
12,SH,8,0,ouragan,mdg1,2024129-914-4781
12,LR,9,0,ouragan,mdg1,2024129-914-4781
12,WH,10,100,ouragan,mdg1,2024129-914-4781
12,SG,11,0,ouragan,mdg1,2024129-914-4781
12,A2,12,100,ouragan,mdg1,2024129-914-4781
12,MB,13,100,ouragan,mdg1,2024129-914-4781
12,SP,14,1,ouragan,mdg1,2024129-914-4781
12,A1,15,100,ouragan,mdg1,2024129-914-4781
12,MP,16,0,ouragan,mdg1,2024129-914-4781
12,SB,17,100,ouragan,mdg1,2024129-914-4781
12,DH,18,0,ouragan,mdg1,2024129-914-4781
12,LP,19,0,ouragan,mdg1,2024129-914-4781
12,SR,20,0,ouragan,mdg1,2024129-914-4781
12,SC,21,0,ouragan,mdg1,2024129-914-4781
12,MY,22,0,ouragan,mdg1,2024129-914-4781
12,LY,23,0,ouragan,mdg1,2024129-914-4781
12,DO,24,0,ouragan,mdg1,2024129-914-4781
12,LB,25,75,ouragan,mdg1,2024129-914-4781
12,MH,26,0,ouragan,mdg1,2024129-914-4781
12,MC,27,85,ouragan,mdg1,2024129-914-4781
12,LC,28,88,ouragan,mdg1,2024129-914-4781
12,DP,29,0,ouragan,mdg1,2024129-914-4781
12,MG,30,0,ouragan,mdg1,2024129-914-4781
12,MO,31,0,ouragan,mdg1,2024129-914-4781
12,A3,32,100,ouragan,mdg1,2024129-914-4781
12,SY,33,0,ouragan,mdg1,2024129-914-4781
12,DY,34,0,ouragan,mdg1,2024129-914-4781
12,BK,35,100,ouragan,mdg1,2024129-914-4781
12,DC,36,0,ouragan,mdg1,2024129-914-4781
12,DB,37,77,ouragan,mdg1,2024129-914-4781
13,A1,1,100,tempête de sable,mdg1,2024129-914-4781
13,LH,2,65,tempête de sable,mdg1,2024129-914-4781
13,LR,3,58,tempête de sable,mdg1,2024129-914-4781
13,DP,4,0,tempête de sable,mdg1,2024129-914-4781
13,DG,5,0,tempête de sable,mdg1,2024129-914-4781
13,BK,6,100,tempête de sable,mdg1,2024129-914-4781
13,A3,7,100,tempête de sable,mdg1,2024129-914-4781
13,DH,8,0,tempête de sable,mdg1,2024129-914-4781
13,WH,9,100,tempête de sable,mdg1,2024129-914-4781
13,MP,10,0,tempête de sable,mdg1,2024129-914-4781
13,MC,11,0,tempête de sable,mdg1,2024129-914-4781
13,MH,12,0,tempête de sable,mdg1,2024129-914-4781
13,LG,13,0,tempête de sable,mdg1,2024129-914-4781
13,DY,14,63,tempête de sable,mdg1,2024129-914-4781
13,LP,15,0,tempête de sable,mdg1,2024129-914-4781
13,LC,16,0,tempête de sable,mdg1,2024129-914-4781
13,LB,17,0,tempête de sable,mdg1,2024129-914-4781
13,DO,18,75,tempête de sable,mdg1,2024129-914-4781
13,LO,19,100,tempête de sable,mdg1,2024129-914-4781
13,SH,20,0,tempête de sable,mdg1,2024129-914-4781
13,MO,21,100,tempête de sable,mdg1,2024129-914-4781
13,SY,22,100,tempête de sable,mdg1,2024129-914-4781
13,MR,23,10,tempête de sable,mdg1,2024129-914-4781
13,SO,24,89,tempête de sable,mdg1,2024129-914-4781
13,A2,25,100,tempête de sable,mdg1,2024129-914-4781
13,MG,26,0,tempête de sable,mdg1,2024129-914-4781
13,MB,27,0,tempête de sable,mdg1,2024129-914-4781
13,DR,28,0,tempête de sable,mdg1,2024129-914-4781
13,MY,29,100,tempête de sable,mdg1,2024129-914-4781
13,SG,30,0,tempête de sable,mdg1,2024129-914-4781
13,DB,31,0,tempête de sable,mdg1,2024129-914-4781
13,LY,32,100,tempête de sable,mdg1,2024129-914-4781
13,SR,33,0,tempête de sable,mdg1,2024129-914-4781
13,SC,34,1,tempête de sable,mdg1,2024129-914-4781
13,SB,35,1,tempête de sable,mdg1,2024129-914-4781
13,SP,36,1,tempête de sable,mdg1,2024129-914-4781
13,DC,37,1,tempête de sable,mdg1,2024129-914-4781
14,DY,1,100,banane,mdg1,2024129-914-4781
14,SH,2,1,banane,mdg1,2024129-914-4781
14,MY,3,100,banane,mdg1,2024129-914-4781
14,LB,4,0,banane,mdg1,2024129-914-4781
14,LG,5,0,banane,mdg1,2024129-914-4781
14,DR,6,0,banane,mdg1,2024129-914-4781
14,DC,7,0,banane,mdg1,2024129-914-4781
14,DH,8,65,banane,mdg1,2024129-914-4781
14,A3,9,0,banane,mdg1,2024129-914-4781
14,MO,10,0,banane,mdg1,2024129-914-4781
14,LO,11,0,banane,mdg1,2024129-914-4781
14,MR,12,0,banane,mdg1,2024129-914-4781
14,SP,13,0,banane,mdg1,2024129-914-4781
14,MC,14,0,banane,mdg1,2024129-914-4781
14,DP,15,0,banane,mdg1,2024129-914-4781
14,MH,16,71,banane,mdg1,2024129-914-4781
14,DO,17,89,banane,mdg1,2024129-914-4781
14,DG,18,99,banane,mdg1,2024129-914-4781
14,SO,19,74,banane,mdg1,2024129-914-4781
14,SC,20,0,banane,mdg1,2024129-914-4781
14,A1,21,0,banane,mdg1,2024129-914-4781
14,MG,22,57,banane,mdg1,2024129-914-4781
14,A2,23,1,banane,mdg1,2024129-914-4781
14,LC,24,0,banane,mdg1,2024129-914-4781
14,MP,25,0,banane,mdg1,2024129-914-4781
14,SR,26,0,banane,mdg1,2024129-914-4781
14,WH,27,0,banane,mdg1,2024129-914-4781
14,SY,28,100,banane,mdg1,2024129-914-4781
14,MB,29,0,banane,mdg1,2024129-914-4781
14,SB,30,0,banane,mdg1,2024129-914-4781
14,LY,31,82,banane,mdg1,2024129-914-4781
14,LP,32,0,banane,mdg1,2024129-914-4781
14,SG,33,68,banane,mdg1,2024129-914-4781
14,LR,34,0,banane,mdg1,2024129-914-4781
14,BK,35,0,banane,mdg1,2024129-914-4781
14,DB,36,0,banane,mdg1,2024129-914-4781
14,LH,37,55,banane,mdg1,2024129-914-4781
15,DP,1,0,heureux,mdg1,2024129-914-4781
15,DR,2,0,heureux,mdg1,2024129-914-4781
15,SR,3,100,heureux,mdg1,2024129-914-4781
15,LR,4,100,heureux,mdg1,2024129-914-4781
15,SO,5,100,heureux,mdg1,2024129-914-4781
15,SY,6,100,heureux,mdg1,2024129-914-4781
15,MH,7,62,heureux,mdg1,2024129-914-4781
15,LB,8,70,heureux,mdg1,2024129-914-4781
15,MG,9,59,heureux,mdg1,2024129-914-4781
15,SC,10,100,heureux,mdg1,2024129-914-4781
15,DO,11,0,heureux,mdg1,2024129-914-4781
15,MC,12,68,heureux,mdg1,2024129-914-4781
15,DY,13,0,heureux,mdg1,2024129-914-4781
15,SG,14,100,heureux,mdg1,2024129-914-4781
15,MY,15,71,heureux,mdg1,2024129-914-4781
15,LH,16,62,heureux,mdg1,2024129-914-4781
15,MO,17,28,heureux,mdg1,2024129-914-4781
15,LP,18,75,heureux,mdg1,2024129-914-4781
15,DB,19,0,heureux,mdg1,2024129-914-4781
15,LG,20,77,heureux,mdg1,2024129-914-4781
15,MB,21,30,heureux,mdg1,2024129-914-4781
15,BK,22,0,heureux,mdg1,2024129-914-4781
15,SH,23,100,heureux,mdg1,2024129-914-4781
15,SP,24,100,heureux,mdg1,2024129-914-4781
15,DH,25,14,heureux,mdg1,2024129-914-4781
15,LC,26,100,heureux,mdg1,2024129-914-4781
15,A1,27,0,heureux,mdg1,2024129-914-4781
15,LO,28,71,heureux,mdg1,2024129-914-4781
15,A3,29,78,heureux,mdg1,2024129-914-4781
15,DG,30,0,heureux,mdg1,2024129-914-4781
15,DC,31,0,heureux,mdg1,2024129-914-4781
15,A2,32,0,heureux,mdg1,2024129-914-4781
15,MP,33,0,heureux,mdg1,2024129-914-4781
15,MR,34,0,heureux,mdg1,2024129-914-4781
15,LY,35,100,heureux,mdg1,2024129-914-4781
15,WH,36,100,heureux,mdg1,2024129-914-4781
15,SB,37,95,heureux,mdg1,2024129-914-4781
16,MH,1,51,paix,mdg1,2024129-914-4781
16,SO,2,100,paix,mdg1,2024129-914-4781
16,LH,3,49,paix,mdg1,2024129-914-4781
16,LP,4,76,paix,mdg1,2024129-914-4781
16,A3,5,100,paix,mdg1,2024129-914-4781
16,DG,6,100,paix,mdg1,2024129-914-4781
16,SR,7,100,paix,mdg1,2024129-914-4781
16,MB,8,100,paix,mdg1,2024129-914-4781
16,SG,9,100,paix,mdg1,2024129-914-4781
16,DC,10,1,paix,mdg1,2024129-914-4781
16,LC,11,1,paix,mdg1,2024129-914-4781
16,SC,12,90,paix,mdg1,2024129-914-4781
16,MC,13,72,paix,mdg1,2024129-914-4781
16,MO,14,100,paix,mdg1,2024129-914-4781
16,MY,15,100,paix,mdg1,2024129-914-4781
16,MR,16,76,paix,mdg1,2024129-914-4781
16,DO,17,20,paix,mdg1,2024129-914-4781
16,LO,18,80,paix,mdg1,2024129-914-4781
16,SH,19,80,paix,mdg1,2024129-914-4781
16,LY,20,81,paix,mdg1,2024129-914-4781
16,LB,21,100,paix,mdg1,2024129-914-4781
16,DH,22,0,paix,mdg1,2024129-914-4781
16,SY,23,26,paix,mdg1,2024129-914-4781
16,SB,24,100,paix,mdg1,2024129-914-4781
16,LR,25,25,paix,mdg1,2024129-914-4781
16,DY,26,77,paix,mdg1,2024129-914-4781
16,LG,27,29,paix,mdg1,2024129-914-4781
16,DR,28,0,paix,mdg1,2024129-914-4781
16,SP,29,0,paix,mdg1,2024129-914-4781
16,DB,30,100,paix,mdg1,2024129-914-4781
16,DP,31,0,paix,mdg1,2024129-914-4781
16,A2,32,19,paix,mdg1,2024129-914-4781
16,BK,33,0,paix,mdg1,2024129-914-4781
16,MP,34,0,paix,mdg1,2024129-914-4781
16,A1,35,0,paix,mdg1,2024129-914-4781
16,MG,36,19,paix,mdg1,2024129-914-4781
16,WH,37,100,paix,mdg1,2024129-914-4781
